Performance Summary | MUTUAL FUNDS ASSOCIATION OF PAKISTAN,,,,,,,,,,,,,,,,,
Sector,Category,Fund Name,Rating,Benchmark,Validity Date,NAV,YTD,MTD,1 Day,15 Days,30 Days,90 Days,180 Days,270 Days,365 Days,2 Years,3 Years
Open-End Funds,Money Market (Annualized Return ),ABL Cash Fund,AA+(f),N/A,"Jan 21, 2025",11.2255,17.24,10.28,10.73,9.84,10.60,13.67,16.74,18.70,19.59,22.74,22.13
Open-End Funds,Money Market (Annualized Return ),ABL Money Market Plan I,AA+(f),N/A,"Jan 21, 2025",10.9706,20.39,10.74,8.98,9.86,10.82,13.74,16.79,18.41,19.41,N/A,N/A
Open-End Funds,Money Market (Annualized Return ),AKD Cash Fund,AA+(f),N/A,"Jan 20, 2025",56.4618,17.03,10.21,9.64,9.97,10.09,13.54,16.47,(8.59),(1.54),9.78,11.96
Open-End Funds,Money Market (Annualized Return ),AL Habib Cash Fund,AAA(f),N/A,"Jan 21, 2025",111.2942,16.71,10.31,9.56,9.99,10.55,13.01,16.19,17.95,19.11,22.62,21.63
Open-End Funds,Money Market (Annualized Return ),AL Habib Money Market Fund,AAA(f),N/A,"Jan 21, 2025",109.2595,16.57,10.00,8.54,9.63,10.13,12.57,16.03,17.91,19.21,22.22,21.58
Open-End Funds,Money Market (Annualized Return ),Alfalah Cash Fund - II (Formerly: Faysal Cash Fund),,N/A,"Jan 21, 2025",111.9157,16.36,(17.98),14.31,48.02,77.94,21.93,15.97,19.56,21.12,23.01,22.02
Open-End Funds,Money Market (Annualized Return ),Alfalah GHP Cash Fund,,Nil,"Jan 19, 2025",551.1769,16.76,9.76,9.38,9.39,10.18,13.22,16.36,18.06,19.01,26.79,21.89
Open-End Funds,Money Market (Annualized Return ),Alfalah GHP Money Market Fund,AA+(f),N/A,"Jan 15, 2025",108.2681,17.29,10.89,8.14,10.89,11.37,14.27,16.98,18.62,19.50,22.62,22.09
Open-End Funds,Money Market (Annualized Return ),Alfalah Money Market Fund - II (Formerly: Faysal Money Market Fund),AA(f),N/A,"Jan 21, 2025",112.1749,15.75,10.83,10.18,9.94,11.31,14.64,15.03,17.36,18.47,21.57,21.02
Open-End Funds,Money Market (Annualized Return ),Askari Sovereign Cash Fund,AA+(f),N/A,"Jan 21, 2025",112.841,16.32,10.61,8.98,10.20,10.82,13.57,15.64,17.61,18.68,22.22,21.55
Open-End Funds,Money Market (Annualized Return ),Atlas Liquid Fund,AA+(f),N/A,"Jan 21, 2025",549.3647,17.66,10.98,9.20,10.61,11.35,14.20,17.20,18.81,19.60,22.52,21.74
Open-End Funds,Money Market (Annualized Return ),Atlas Money Market Fund,AA+(f),N/A,"Jan 20, 2025",561.1893,17.56,10.46,9.05,10.24,10.87,13.88,17.05,18.77,19.61,22.78,22.13
Open-End Funds,Money Market (Annualized Return ),AWT Money Market Fund,AA+(f),N/A,"Jan 20, 2025",129.0883,17.13,10.39,10.26,10.19,10.81,13.91,16.59,18.52,19.47,22.95,22.13
Open-End Funds,Money Market (Annualized Return ),HBL Cash Fund,,N/A,"Jan 21, 2025",112.8534,16.82,10.09,7.52,9.40,10.95,13.20,16.22,18.24,17.87,21.72,19.37
Open-End Funds,Money Market (Annualized Return ),HBL Money Market Fund,AA+(f),N/A,"Jan 21, 2025",112.9088,16.38,9.43,6.94,8.82,9.55,12.86,15.82,17.73,18.61,21.77,20.83
Open-End Funds,Money Market (Annualized Return ),JS Cash Fund,AA+(f),N/A,"Jan 21, 2025",115.1675,17.24,10.81,8.69,10.35,10.87,13.15,16.75,18.61,19.47,22.78,22.14
Open-End Funds,Money Market (Annualized Return ),JS Money Market Fund,,N/A,"Jan 21, 2025",115.9318,18.55,11.08,6.79,10.44,15.84,16.34,18.27,19.58,20.15,N/A,N/A
Open-End Funds,Money Market (Annualized Return ),Lakson Money Market Fund,AA+(f),N/A,"Jan 21, 2025",112.8796,17.46,10.85,8.76,10.22,11.09,13.77,16.98,18.76,19.73,23.01,22.43
Open-End Funds,Money Market (Annualized Return ),MCB Cash Management Optimizer,AA+(f),N/A,"Jan 21, 2025",111.9994,17.46,10.57,8.54,10.00,10.64,13.61,17.00,18.70,19.52,22.48,21.96
Open-End Funds,Money Market (Annualized Return ),NBP Cash Plan I,,N/A,"Jan 20, 2025",11.0414,17.31,10.07,7.92,9.49,10.63,13.75,16.84,18.53,19.50,22.67,N/A
Open-End Funds,Money Market (Annualized Return ),NBP Cash Plan II,,N/A,"Jan 20, 2025",10,17.55,10.19,7.67,9.51,11.08,14.01,17.05,18.77,19.73,22.92,N/A
Open-End Funds,Money Market (Annualized Return ),NBP Government Securities Liquid Fund,AAA(f),N/A,"Jan 20, 2025",11.2872,17.40,10.28,8.10,9.61,10.44,13.63,16.93,18.65,19.68,23.00,22.13
Open-End Funds,Money Market (Annualized Return ),NBP Money Market Fund,AA(f),N/A,"Jan 20, 2025",10.9807,17.39,10.28,7.99,9.68,10.38,13.68,16.88,18.65,19.64,22.69,22.31
Open-End Funds,Money Market (Annualized Return ),NIT Money Market Fund,AAA(f),N/A,"Jan 21, 2025",10.6853,17.71,10.88,8.87,10.31,10.91,14.10,17.23,18.98,20.01,23.31,22.66
Open-End Funds,Money Market (Annualized Return ),Pakistan Cash Management Fund,AA+(f),N/A,"Jan 20, 2025",50.4678,17.69,12.59,9.42,12.81,11.89,14.94,17.38,18.72,19.58,22.39,21.84
Open-End Funds,Money Market (Annualized Return ),UBL Cash Fund,AA+(f),N/A,"Jan 21, 2025",109.644,16.85,10.50,9.86,10.21,10.63,13.29,16.34,18.26,19.28,22.33,21.81
Open-End Funds,Money Market (Annualized Return ),UBL Liquidity Plus Fund,AA+(f),N/A,"Jan 21, 2025",111.0699,17.04,10.51,8.65,10.12,10.91,13.45,16.53,18.31,20.28,22.41,21.79
Open-End Funds,Money Market (Annualized Return ),UBL Money Market Fund,AA+(f),N/A,"Jan 21, 2025",110.4631,16.90,11.29,10.29,11.18,11.32,13.39,16.38,18.18,19.22,22.20,20.79
Open-End Funds,Income (Annualized Return ),ABL Financial Sector Fund Plan I,,N/A,"Jan 20, 2025",10.9744,17.23,11.92,10.99,11.70,12.51,14.14,16.66,18.53,19.72,N/A,N/A
Open-End Funds,Income (Annualized Return ),ABL Government Securities Fund,AA-(f),N/A,"Jan 20, 2025",11.344,20.89,14.66,17.70,11.81,14.85,13.59,20.69,21.61,21.14,23.95,21.35
Open-End Funds,Income (Annualized Return ),ABL Income Fund,A+(f),N/A,"Jan 20, 2025",11.2864,19.36,15.71,20.40,14.33,14.60,13.63,18.94,20.92,21.16,21.48,19.70
Open-End Funds,Income (Annualized Return ),AL Habib Government Securities Fund,AAA(f),N/A,"Jan 20, 2025",110.6747,18.20,13.14,11.39,12.59,13.62,14.81,17.78,19.06,19.97,N/A,N/A
Open-End Funds,Income (Annualized Return ),AL Habib Income Fund,AA(f),N/A,"Jan 20, 2025",112.139,18.29,13.07,14.24,12.57,13.63,14.29,17.90,19.11,20.02,23.09,22.24
Open-End Funds,Income (Annualized Return ),Alfalah Financial Sector Income Fund,,N/A,"Jan 17, 2025",109.2091,16.25,12.93,11.64,12.74,13.46,14.32,15.80,(8.09),(1.40),N/A,N/A
Open-End Funds,Income (Annualized Return ),Alfalah Financial Sector Income Plan II,,N/A,"Jan 17, 2025",100,14.58,8.87,8.91,10.00,5.10,6.63,14.41,N/A,N/A,N/A,N/A
Open-End Funds,Income (Annualized Return ),Alfalah Financial Sector Opportunity Fund  (Formerly: Faysal Financial Sector Opportunity Fund),AA-(f),N/A,"Jan 20, 2025",109.0574,12.46,16.35,16.32,16.43,24.03,5.57,11.39,14.59,16.81,21.82,21.64
Open-End Funds,Income (Annualized Return ),Alfalah GHP Income Fund,,12,"Jan 17, 2025",125.6744,18.52,18.03,23.98,16.27,16.22,15.22,18.21,20.16,20.04,24.10,21.76
Open-End Funds,Income (Annualized Return ),Alfalah GHP Sovereign Fund,AA-(f),N/A,"Jan 17, 2025",119.9742,20.77,17.21,19.86,14.73,14.04,14.95,20.97,21.37,20.60,24.05,21.79
Open-End Funds,Income (Annualized Return ),Alfalah Government Securities Fund - II (Formerly: Faysal Government Securities Fund),AA(f),N/A,"Jan 20, 2025",139.4127,19.07,7.55,11.42,11.80,87.58,38.32,18.58,19.62,19.51,18.97,17.64
Open-End Funds,Income (Annualized Return ),Alfalah Government Securities Fund Plan I,,N/A,"Jan 15, 2025",105.1658,19.16,17.78,66.28,17.78,16.08,18.35,N/A,N/A,N/A,N/A,N/A
Open-End Funds,Income (Annualized Return ),Alfalah Government Securities Fund Plan II,AM1,N/A,"Jan 17, 2025",102.5783,14.26,9.18,(1.17),8.21,11.63,N/A,N/A,N/A,N/A,N/A,N/A
Open-End Funds,Income (Annualized Return ),Alfalah MTS Fund (Formerly: Faysal MTS Fund),AA-(f),N/A,"Jan 20, 2025",111.0343,13.12,10.90,10.84,11.04,9.95,20.57,12.01,15.31,17.37,22.18,21.86
Open-End Funds,Income (Annualized Return ),Alfalah Savings Growth Fund (Formerly: Faysal Savings Growth Fund),AA-(f),N/A,"Jan 20, 2025",119.5054,25.82,13.47,15.11,12.60,21.63,19.87,25.95,24.99,24.36,24.10,22.11
Open-End Funds,Income (Annualized Return ),Askari Sovereign Yield Enhancer,AA-(f),N/A,"Jan 20, 2025",113.4243,17.14,13.20,5.11,12.48,13.80,14.82,16.68,18.47,20.10,23.94,22.33
Open-End Funds,Income (Annualized Return ),Atlas Income Fund,AA-(f),N/A,"Jan 20, 2025",585.4756,19.68,12.75,9.78,11.96,12.42,14.46,19.33,20.20,20.39,22.50,20.66
Open-End Funds,Income (Annualized Return ),Atlas Sovereign Fund,AA-(f),N/A,"Jan 20, 2025",116.0034,24.17,18.87,26.68,17.42,17.09,14.40,24.41,23.65,22.42,23.45,21.27
Open-End Funds,Income (Annualized Return ),AWT Financial Sector Income Fund,,N/A,"Jan 20, 2025",109.5077,16.39,9.82,10.04,9.95,10.25,12.30,15.92,17.58,18.83,23.35,N/A
Open-End Funds,Income (Annualized Return ),AWT Income Fund,A+(f),N/A,"Jan 20, 2025",123.2896,20.43,14.76,7.67,14.69,16.96,15.72,20.34,20.70,20.89,24.15,22.53
Open-End Funds,Income (Annualized Return ),HBL Financial Sector Income Fund Plan I,,N/A,"Jan 20, 2025",112.0966,17.60,12.77,10.69,12.06,12.55,14.53,17.25,18.54,19.68,23.45,23.04
Open-End Funds,Income (Annualized Return ),HBL Financial Sector Income Fund Plan II,,N/A,"Jan 17, 2025",100,19.48,14.30,13.94,15.12,27.79,19.44,18.92,19.81,N/A,N/A,N/A
Open-End Funds,Income (Annualized Return ),HBL Government Securities Fund,AA(f),N/A,"Jan 20, 2025",129.2283,24.89,17.82,9.16,15.95,16.88,18.67,25.22,23.25,22.25,24.30,20.96
Open-End Funds,Income (Annualized Return ),HBL Income Fund,A+(f),N/A,"Jan 20, 2025",125.5106,19.25,14.47,N/A,14.47,14.93,15.39,19.11,19.90,20.21,23.32,22.18
Open-End Funds,Income (Annualized Return ),JS Government Securities Fund,AA(f),N/A,"Jan 20, 2025",115.8859,18.61,12.54,13.14,10.84,10.98,12.28,18.05,19.78,19.73,23.05,N/A
Open-End Funds,Income (Annualized Return ),JS Income Fund,A+(f),N/A,"Jan 20, 2025",112.1352,16.91,15.11,27.96,13.01,13.98,12.28,16.69,17.98,18.51,20.65,19.83
Open-End Funds,Income (Annualized Return ),JS Microfinance Sector Fund,A(f),N/A,"Jan 20, 2025",111.56,17.52,12.28,11.86,12.07,12.63,14.49,16.97,23.97,24.55,27.35,N/A
Open-End Funds,Income (Annualized Return ),Lakson Income Fund,A+(f),N/A,"Jan 20, 2025",113.6519,20.55,13.49,16.86,12.24,12.60,14.54,20.46,21.31,21.24,18.66,15.57
Open-End Funds,Income (Annualized Return ),MCB DCF Income Fund,AA-(f),N/A,"Jan 20, 2025",120.9247,19.42,11.27,16.90,11.07,11.58,13.24,19.10,19.77,19.10,21.26,19.87
Open-End Funds,Income (Annualized Return ),MCB Government Securities Plan I,AM1,N/A,"Jan 20, 2025",102.5144,12.76,11.32,18.98,11.45,10.67,N/A,N/A,N/A,N/A,N/A,N/A
Open-End Funds,Income (Annualized Return ),MCB Pakistan Sovereign Fund,AA-(f),N/A,"Jan 20, 2025",60.75,22.37,14.23,18.03,13.29,13.98,13.59,22.63,21.74,20.61,22.58,21.24
Open-End Funds,Income (Annualized Return ),NBP Financial Sector Income Fund,A+(f),N/A,"Jan 20, 2025",11.6865,17.31,11.72,10.62,11.53,12.09,13.90,16.80,18.54,19.81,23.33,22.81
Open-End Funds,Income (Annualized Return ),NBP Government Securities Plan IV,,N/A,"Jan 20, 2025",11.1817,20.42,14.15,10.44,13.30,13.68,15.42,20.06,21.01,21.06,N/A,N/A
Open-End Funds,Income (Annualized Return ),NBP Government Securities Savings Fund,AA-(f),N/A,"Jan 20, 2025",11.6679,20.12,13.42,9.09,12.79,13.07,15.24,19.69,20.95,21.21,23.86,22.29
Open-End Funds,Income (Annualized Return ),NBP Income Opportunity Fund,A+(f),N/A,"Jan 20, 2025",12.0582,19.53,13.94,14.53,12.94,13.51,14.76,19.13,20.23,20.46,22.50,21.14
Open-End Funds,Income (Annualized Return ),NBP Income Plan I,,N/A,"Jan 20, 2025",10.1722,17.34,11.39,10.04,11.25,12.50,14.11,16.87,18.60,19.81,23.38,N/A
Open-End Funds,Income (Annualized Return ),NBP Mahana Amdani Fund,AA-(f),N/A,"Jan 20, 2025",11.2416,16.79,11.90,10.40,11.44,12.62,14.25,16.26,18.09,19.39,22.80,21.82
Open-End Funds,Income (Annualized Return ),NBP Savings Fund,A+(f),N/A,"Jan 21, 2025",10.8402,17.10,11.52,9.78,11.12,11.85,13.96,16.55,18.57,19.73,22.23,20.97
Open-End Funds,Income (Annualized Return ),NIT Social Impact Fund,,N/A,"Jan 20, 2025",11.1824,16.61,11.84,11.10,11.59,12.15,13.75,16.14,18.08,19.44,23.27,N/A
Open-End Funds,Income (Annualized Return ),NIT-Government Bond Fund,AA(f),N/A,"Jan 20, 2025",11.0902,19.65,14.35,11.86,13.01,13.93,15.40,19.42,20.28,20.21,23.06,21.34
Open-End Funds,Income (Annualized Return ),NIT-Income Fund,AA-(f),N/A,"Jan 20, 2025",11.229,16.93,11.37,10.07,10.53,12.48,13.26,16.45,18.32,19.01,22.49,21.45
Open-End Funds,Income (Annualized Return ),Pak Oman Income Fund,A+(f),N/A,"Jan 20, 2025",11.7701,14.54,10.42,8.36,10.13,10.88,11.80,13.71,16.23,17.88,22.69,21.83
Open-End Funds,Income (Annualized Return ),Pak Oman Micro Finance Fund,,N/A,"Jan 20, 2025",109.6563,17.92,12.47,10.99,12.39,13.54,14.16,16.37,N/A,N/A,N/A,N/A
Open-End Funds,Income (Annualized Return ),Pakistan Income Fund,A+(f),N/A,"Jan 20, 2025",61.2634,20.57,11.77,11.79,11.89,11.20,14.36,20.37,21.06,20.61,22.66,21.60
Open-End Funds,Income (Annualized Return ),UBL Government Securities Fund,A+(f),N/A,"Jan 20, 2025",119.0308,21.90,18.46,30.66,16.50,17.33,14.86,21.80,21.78,21.09,23.08,21.18
Open-End Funds,Income (Annualized Return ),UBL Income Opportunity Fund,AA-(f),N/A,"Jan 20, 2025",122.8251,20.06,15.49,16.68,13.74,14.33,13.63,19.69,20.30,20.42,23.51,21.46
Open-End Funds,Equity (Absolute Return ),ABL Stock Fund,,N/A,"Jan 20, 2025",27.186,49.70,(0.81),0.43,(1.71),3.94,33.87,48.26,62.36,84.64,222.47,138.60
Open-End Funds,Equity (Absolute Return ),AKD Opportunity Fund,,N/A,"Jan 20, 2025",153.9737,39.58,(0.77),1.16,(3.39),9.32,32.64,33.46,41.54,49.09,60.14,37.45
Open-End Funds,Equity (Absolute Return ),AL Habib Stock Fund,,N/A,"Jan 20, 2025",163.5768,63.56,1.23,0.60,(0.50),5.06,36.33,58.27,78.82,117.36,263.00,185.60
Open-End Funds,Equity (Absolute Return ),Alfalah GHP Alpha Fund,,N/A,"Jan 17, 2025",78.72,53.93,(1.81),1.25,(3.35),1.27,33.54,48.53,69.07,88.35,216.04,149.84
Open-End Funds,Equity (Absolute Return ),Alfalah GHP Stock Fund,,N/A,"Jan 15, 2025",143.6382,52.63,(2.22),(0.19),(2.22),(2.51),33.55,47.25,69.59,83.01,214.54,148.08
Open-End Funds,Equity (Absolute Return ),Alfalah Stock Fund - II (Formerly: Faysal Stock Fund),,N/A,"Jan 20, 2025",62.8094,55.11,0.21,0.72,(1.43),5.89,36.20,54.17,74.28,112.34,27.56,(4.15)
Open-End Funds,Equity (Absolute Return ),Atlas Stock Market Fund,,N/A,"Jan 20, 2025","1,536.3401",51.52,(1.18),0.38,(1.87),3.22,33.44,50.25,65.18,85.91,223.17,150.35
Open-End Funds,Equity (Absolute Return ),AWT Stock Fund,,N/A,"Jan 20, 2025",220.9426,52.16,(0.90),0.73,(1.84),3.83,33.71,48.24,61.74,80.14,199.84,145.40
Open-End Funds,Equity (Absolute Return ),First Capital Mutual Fund,,N/A,"Jan 20, 2025",14.0816,45.11,(1.35),0.58,(2.40),3.75,30.70,46.16,49.44,66.78,152.80,111.25
Open-End Funds,Equity (Absolute Return ),Golden Arrow Stock Fund,,N/A,"Jan 20, 2025",27.9199,47.59,2.39,1.23,(1.29),11.42,39.65,40.55,60.79,66.63,123.20,96.06
Open-End Funds,Equity (Absolute Return ),HBL Energy Fund,,N/A,"Jan 20, 2025",28.5165,67.92,(7.04),N/A,(4.19),(1.91),49.76,69.05,62.59,66.58,200.85,168.78
Open-End Funds,Equity (Absolute Return ),HBL Equity Fund,,N/A,"Jan 20, 2025",193.7339,59.48,(6.23),N/A,(4.90),0.38,39.01,57.52,67.61,85.13,202.25,91.37
Open-End Funds,Equity (Absolute Return ),HBL Growth Fund-Class A,,N/A,"Jan 20, 2025",44.0914,121.03,(10.28),N/A,(9.35),(0.82),81.38,120.97,98.50,98.26,194.84,133.90
Open-End Funds,Equity (Absolute Return ),HBL Growth Fund-Class B,,N/A,"Jan 20, 2025",32.1672,48.97,(5.68),N/A,(3.90),(1.26),31.36,45.84,46.21,67.93,183.20,91.68
Open-End Funds,Equity (Absolute Return ),HBL Investment Fund-Class A,,N/A,"Jan 20, 2025",15.9349,124.24,(10.31),N/A,(9.36),(0.89),83.87,125.41,101.28,101.33,197.16,131.40
Open-End Funds,Equity (Absolute Return ),HBL Investment Fund-Class B,,N/A,"Jan 20, 2025",15.0549,45.25,(5.98),N/A,(4.36),(1.20),29.00,42.50,44.66,62.22,174.41,76.22
Open-End Funds,Equity (Absolute Return ),HBL Stock Fund,,N/A,"Jan 20, 2025",172.7553,43.32,(5.79),N/A,(3.91),(0.92),30.81,40.56,43.31,59.69,175.72,83.62
Open-End Funds,Equity (Absolute Return ),JS Growth Fund,,N/A,"Jan 20, 2025",355.4,38.41,(0.97),0.43,(1.97),2.54,24.97,38.16,46.64,64.56,166.11,116.33
Open-End Funds,Equity (Absolute Return ),JS Large Cap Fund,,N/A,"Jan 20, 2025",291.04,44.49,(1.33),0.30,(2.35),2.62,26.96,43.24,52.34,75.04,184.91,132.06
Open-End Funds,Equity (Absolute Return ),Lakson Equity Fund,,N/A,"Jan 20, 2025",232.1378,45.26,(0.73),0.43,(1.23),4.01,26.95,44.46,58.30,78.93,190.63,148.75
Open-End Funds,Equity (Absolute Return ),MCB Pakistan Stock Market Fund,,N/A,"Jan 20, 2025",226.936,50.34,(0.39),0.33,(2.43),4.69,28.75,46.86,65.68,80.92,231.85,143.66
Open-End Funds,Equity (Absolute Return ),National Investment Unit Trust,,N/A,"Jan 20, 2025",137.04,60.68,(2.32),0.01,(3.09),2.67,39.89,59.70,74.64,85.51,178.19,120.99
Open-End Funds,Equity (Absolute Return ),NBP Financial Sector Fund,,N/A,"Jan 20, 2025",18.3962,36.30,0.88,0.17,(2.53),7.48,19.72,28.88,52.90,82.50,250.41,161.94
Open-End Funds,Equity (Absolute Return ),NBP Stock Fund,,N/A,"Jan 20, 2025",33.5791,56.81,(1.87),0.48,(2.14),1.46,36.16,54.80,66.34,84.57,225.89,146.75
Open-End Funds,Equity (Absolute Return ),UBL Financial Sector Fund,,N/A,"Jan 20, 2025",207.4897,37.35,2.04,0.20,(1.37),9.37,22.81,30.50,30.53,60.19,227.27,150.75
Open-End Funds,Equity (Absolute Return ),UBL Stock Advantage Fund,,N/A,"Jan 20, 2025",192.99,52.83,(1.54),0.23,(2.05),2.35,33.23,51.44,66.37,86.69,229.86,158.28
Open-End Funds,Capital Protected (Absolute Return ),ABL Special Saving Fund (ABL Special Saving Plan I),,N/A,"Jan 20, 2025",11.2332,11.12,0.88,0.05,0.66,1.31,4.14,9.54,15.07,20.66,48.41,66.73
Open-End Funds,Capital Protected (Absolute Return ),ABL Special Saving Fund (ABL Special Saving Plan II),,N/A,"Jan 20, 2025",10.743,9.09,0.56,0.03,0.40,0.84,3.18,7.70,13.04,18.06,56.50,76.74
Open-End Funds,Capital Protected (Absolute Return ),ABL Special Saving Fund (ABL Special Saving Plan III),,N/A,"Jan 20, 2025",11.3665,11.47,0.87,0.04,0.60,1.25,3.80,9.91,15.25,21.25,48.08,69.68
Open-End Funds,Capital Protected (Absolute Return ),ABL Special Saving Fund (ABL Special Saving Plan IV),,N/A,"Jan 20, 2025",11.2618,11.00,0.94,0.02,0.69,1.25,3.89,9.51,15.01,19.81,46.46,80.89
Open-End Funds,Capital Protected (Absolute Return ),ABL Special Saving Fund (ABL Special Saving Plan V),,N/A,"Jan 20, 2025",11.2719,11.59,0.82,0.05,0.55,1.20,3.79,10.04,15.48,20.81,48.26,67.47
Open-End Funds,Capital Protected (Absolute Return ),ABL Special Saving Fund (ABL Special Saving Plan VI),,N/A,"Jan 20, 2025",10.1281,12.21,0.87,0.06,0.62,1.39,4.07,10.65,16.20,21.22,49.49,N/A
Open-End Funds,Capital Protected (Absolute Return ),Alfalah Special Savings Fund - I (Formerly: Faysal Special Savings Plan I),,N/A,"Jan 20, 2025",133.7805,(0.94),(0.65),N/A,(0.05),1.49,1.21,1.34,3.38,7.49,27.13,44.16
Open-End Funds,Capital Protected (Absolute Return ),Alfalah Special Savings Fund - II (Formerly: Faysal Special Savings Plan II),,N/A,"Jan 20, 2025",110.4233,3.41,1.89,0.54,4.54,3.58,9.45,6.19,25.32,33.21,62.80,N/A
Open-End Funds,Capital Protected (Absolute Return ),Alfalah Special Savings Fund - III (Formerly: Faysal Special Savings Plan III),,N/A,"Dec 23, 2024",13.2635,16.34,1.64,0.08,1.07,2.35,7.59,17.12,23.40,30.04,56.00,N/A
Open-End Funds,Capital Protected - Income (Annualized Return ),UBL Special Savings Plan V,,N/A,"Jan 20, 2025",114.96,20.02,10.59,6.13,9.15,10.66,14.43,20.01,N/A,N/A,N/A,N/A
Open-End Funds,Capital Protected - Income (Annualized Return ),UBL Special Savings Plan X,,N/A,"Jan 20, 2025",112.3308,21.10,17.24,16.72,15.43,15.98,16.81,20.98,(6.34),(0.41),N/A,N/A
Open-End Funds,Fixed Rate / Return (Annualized Return ),ABL Fixed Rate Plan IX,,N/A,"Jan 20, 2025",10.1165,17.01,16.58,5.77,16.08,N/A,N/A,N/A,N/A,N/A,N/A,N/A
Open-End Funds,Fixed Rate / Return (Annualized Return ),ABL Fixed Rate Plan V,AM2++,N/A,"Jan 20, 2025",10.8713,23.21,13.63,4.38,12.15,13.55,16.86,N/A,N/A,N/A,N/A,N/A
Open-End Funds,Fixed Rate / Return (Annualized Return ),ABL Fixed Rate Plan VI,AM2++,N/A,"Jan 02, 2025",10.3013,15.27,11.52,9.20,11.61,13.52,N/A,N/A,N/A,N/A,N/A,N/A
Open-End Funds,Fixed Rate / Return (Annualized Return ),ABL Fixed Rate Plan VII,AM2++,N/A,"Jan 09, 2025",10.3237,14.96,12.29,9.56,11.27,12.75,N/A,N/A,N/A,N/A,N/A,N/A
Open-End Funds,Fixed Rate / Return (Annualized Return ),ABL Fixed Rate Plan VIII,AM2++,N/A,"Jan 20, 2025",10.6418,18.89,10.96,8.58,10.38,11.15,16.26,N/A,N/A,N/A,N/A,N/A
Open-End Funds,Fixed Rate / Return (Annualized Return ),ABL Fixed Rate Plan X,AM1,N/A,"Jan 20, 2025",10.149,12.95,13.06,5.40,11.93,13.17,N/A,N/A,N/A,N/A,N/A,N/A
Open-End Funds,Fixed Rate / Return (Annualized Return ),ABL Fixed Rate Plan XI,AM2++,N/A,"Jan 20, 2025",10.2498,13.61,11.30,8.91,11.07,11.50,N/A,N/A,N/A,N/A,N/A,N/A
Open-End Funds,Fixed Rate / Return (Annualized Return ),ABL Fixed Rate Plan XII,,N/A,"Jan 20, 2025",10.192,13.22,11.17,10.40,10.72,11.08,N/A,N/A,N/A,N/A,N/A,N/A
Open-End Funds,Fixed Rate / Return (Annualized Return ),ABL Fixed Rate Plan XIII,,N/A,"Jan 20, 2025",10.0841,11.37,10.94,8.69,10.30,N/A,N/A,N/A,N/A,N/A,N/A,N/A
Open-End Funds,Fixed Rate / Return (Annualized Return ),AL Habib Fixed Return Fund Plan 10,,N/A,"Jan 02, 2025",109.6808,20.29,13.27,14.42,11.53,12.61,14.34,18.77,20.16,20.24,N/A,N/A
Open-End Funds,Fixed Rate / Return (Annualized Return ),AL Habib Fixed Return Fund Plan 14,AM2+,N/A,"Dec 27, 2024",100,14.70,12.73,N/A,10.95,13.09,N/A,N/A,N/A,N/A,N/A,N/A
Open-End Funds,Fixed Rate / Return (Annualized Return ),AL Habib Fixed Return Fund Plan 15,AM2+,N/A,"Jan 20, 2025",104.2816,16.11,12.17,6.90,10.85,12.05,16.36,N/A,N/A,N/A,N/A,N/A
Open-End Funds,Fixed Rate / Return (Annualized Return ),AL Habib Fixed Return Fund Plan 16,AM2+,N/A,"Jan 20, 2025",108.5741,21.58,12.19,6.94,10.88,12.14,16.54,N/A,N/A,N/A,N/A,N/A
Open-End Funds,Fixed Rate / Return (Annualized Return ),Alfalah Stable Return Fund Plan XVI,AM1,N/A,"Jan 17, 2025",101.1252,11.41,12.20,12.56,11.33,11.58,N/A,N/A,N/A,N/A,N/A,N/A
Open-End Funds,Fixed Rate / Return (Annualized Return ),Alfalah Stable Return Plan IV,,N/A,"Jan 17, 2025",110.5233,24.51,3.55,(0.55),0.83,7.16,15.46,17.92,24.47,N/A,N/A,N/A
Open-End Funds,Fixed Rate / Return (Annualized Return ),Alfalah Stable Return Plan XI,,N/A,"Jan 17, 2025",111.2192,19.90,9.57,10.00,8.95,9.60,13.72,19.44,20.60,N/A,N/A,N/A
Open-End Funds,Fixed Rate / Return (Annualized Return ),Alfalah Stable Return Plan XII,AM1,N/A,"Jan 17, 2025",104.5359,17.25,14.47,12.56,12.96,13.16,16.45,N/A,N/A,N/A,N/A,N/A
Open-End Funds,Fixed Rate / Return (Annualized Return ),Alfalah Stable Return Plan XIII,AM1,N/A,"Jan 17, 2025",104.1519,17.03,12.33,13.10,11.30,11.70,16.84,N/A,N/A,N/A,N/A,N/A
Open-End Funds,Fixed Rate / Return (Annualized Return ),Alfalah Stable Return Plan XV,,N/A,"Jan 16, 2025",102.8489,17.62,17.51,11.64,17.98,15.54,N/A,N/A,N/A,N/A,N/A,N/A
Open-End Funds,Fixed Rate / Return (Annualized Return ),HBL Mehfooz Munafa Fund Plan III,AM2++,N/A,"Jul 10, 2024",100,N/A,N/A,N/A,N/A,N/A,N/A,N/A,N/A,N/A,N/A,N/A
Open-End Funds,Fixed Rate / Return (Annualized Return ),HBL Mehfooz Munafa Fund Plan VI,,N/A,"Oct 16, 2024",100,N/A,N/A,N/A,N/A,N/A,N/A,N/A,N/A,N/A,N/A,N/A
Open-End Funds,Fixed Rate / Return (Annualized Return ),JS Fixed Term Munafa Fund (JS Fixed Term Munafa Plan I),,N/A,"Jan 20, 2025",116.8765,24.92,19.14,41.76,7.48,17.44,13.71,29.79,27.53,25.62,N/A,N/A
Open-End Funds,Fixed Rate / Return (Annualized Return ),JS Fixed Term Munafa Fund (JS Fixed Term Munafa Plan II),,N/A,"Jan 08, 2025",100,21.00,19.68,18.32,(16.16),(2.38),14.88,20.44,21.37,20.99,N/A,N/A
Open-End Funds,Fixed Rate / Return (Annualized Return ),JS Fixed Term Munafa Fund (JS Fixed Term Munafa Plan III),,N/A,"Jan 20, 2025",111.2359,20.83,(7.29),8.61,(14.93),1.44,12.29,18.86,20.02,N/A,N/A,N/A
Open-End Funds,Fixed Rate / Return (Annualized Return ),JS Fixed Term Munafa Fund (JS Fixed Term Munafa Plan IX),AM2,N/A,"Jan 20, 2025",107.6668,21.69,15.66,11.97,13.63,15.06,15.67,N/A,N/A,N/A,N/A,N/A
Open-End Funds,Fixed Rate / Return (Annualized Return ),JS Fixed Term Munafa Fund (JS Fixed Term Munafa Plan VI),AM2,N/A,"Jan 20, 2025",110.7164,21.97,13.69,16.39,12.74,13.36,16.24,21.73,N/A,N/A,N/A,N/A
Open-End Funds,Fixed Rate / Return (Annualized Return ),JS Fixed Term Munafa Fund (JS Fixed Term Munafa Plan VIII),,N/A,"Jan 10, 2025",100,20.25,(3.86),20.08,2.91,7.79,15.14,N/A,N/A,N/A,N/A,N/A
Open-End Funds,Fixed Rate / Return (Annualized Return ),JS Fixed Term Munafa Fund (JS Fixed Term Munafa Plan X),,N/A,"Jan 20, 2025",102.0408,16.19,25.64,31.94,23.33,24.86,N/A,N/A,N/A,N/A,N/A,N/A
Open-End Funds,Fixed Rate / Return (Annualized Return ),JS Fixed Term Munafa Fund (JS Fixed Term Munafa Plan XI),AM2,N/A,"Jan 20, 2025",102.143,9.78,19.20,44.53,6.61,17.47,N/A,N/A,N/A,N/A,N/A,N/A
Open-End Funds,Fixed Rate / Return (Annualized Return ),JS Fixed Term Munafa Fund (JS Fixed Term Munafa Plan XII),AM2,N/A,"Jan 20, 2025",102.6139,12.89,10.71,9.34,9.97,11.13,N/A,N/A,N/A,N/A,N/A,N/A
Open-End Funds,Fixed Rate / Return (Annualized Return ),JS Fixed Term Munafa Fund (JS Fixed Term Munafa Plan XIII),,N/A,"Jan 20, 2025",100.3809,27.81,27.81,18.03,N/A,N/A,N/A,N/A,N/A,N/A,N/A,N/A
Open-End Funds,Fixed Rate / Return (Annualized Return ),MCB DCF Fixed Return II (Plan I),AM1,N/A,"Jan 20, 2025",107.082,19.87,11.21,7.41,10.23,11.08,14.79,N/A,N/A,N/A,N/A,N/A
Open-End Funds,Fixed Rate / Return (Annualized Return ),MCB DCF Fixed Return II (Plan II),AM1,N/A,"Jan 20, 2025",103.8219,14.53,11.30,11.35,10.98,11.20,14.37,N/A,N/A,N/A,N/A,N/A
Open-End Funds,Fixed Rate / Return (Annualized Return ),MCB DCF Fixed Return II (Plan III),,N/A,"Jan 20, 2025",104.1064,16.65,15.01,3.03,14.06,14.54,16.65,N/A,N/A,N/A,N/A,N/A
Open-End Funds,Fixed Rate / Return (Annualized Return ),MCB DCF Fixed Return II (Plan IV),AM1,N/A,"Jan 20, 2025",103.3545,14.58,11.65,7.81,10.81,11.62,N/A,N/A,N/A,N/A,N/A,N/A
Open-End Funds,Fixed Rate / Return (Annualized Return ),MCB DCF Fixed Return II (Plan V),AM1,N/A,"Jan 20, 2025",102.5256,13.36,11.90,7.99,10.83,11.75,N/A,N/A,N/A,N/A,N/A,N/A
Open-End Funds,Fixed Rate / Return (Annualized Return ),MCB DCF Fixed Return III (Plan I),AM1,N/A,"Jan 20, 2025",111.6463,22.21,12.00,5.44,10.26,12.03,16.30,22.23,N/A,N/A,N/A,N/A
Open-End Funds,Fixed Rate / Return (Annualized Return ),MCB DCF Fixed Return III (Plan II),,N/A,"Jan 20, 2025",109.4189,21.90,12.44,5.88,10.69,12.47,16.54,N/A,N/A,N/A,N/A,N/A
Open-End Funds,Fixed Rate / Return (Annualized Return ),MCB DCF Fixed Return III (Plan III),AM1,N/A,"Jan 20, 2025",107.6583,20.40,11.78,8.07,10.91,11.70,15.51,N/A,N/A,N/A,N/A,N/A
Open-End Funds,Fixed Rate / Return (Annualized Return ),MCB DCF Fixed Return III (Plan IV),,N/A,"Jan 20, 2025",105.1967,18.60,27.63,21.35,25.85,24.43,20.46,N/A,N/A,N/A,N/A,N/A
Open-End Funds,Fixed Rate / Return (Annualized Return ),MCB DCF Fixed Return III (Plan V),AM1,N/A,"Jan 20, 2025",103.9035,14.69,11.05,10.29,10.54,10.94,14.47,N/A,N/A,N/A,N/A,N/A
Open-End Funds,Fixed Rate / Return (Annualized Return ),MCB Pakistan Fixed Return Fund (MCB Pakistan Fixed Return Plan XIX),,N/A,"Jan 09, 2025",122.5775,66.73,1461.31,13029.62,883.70,451.52,165.36,98.35,76.30,N/A,N/A,N/A
Open-End Funds,Fixed Rate / Return (Annualized Return ),MCB Pakistan Fixed Return Plan 22,,N/A,"Jan 20, 2025",102.1702,14.67,11.55,7.41,10.58,11.48,N/A,N/A,N/A,N/A,N/A,N/A
Open-End Funds,Fixed Rate / Return (Annualized Return ),MCB Pakistan Fixed Return Plan 23,,N/A,"Jan 20, 2025",100.9912,15.07,15.98,5.40,15.48,N/A,N/A,N/A,N/A,N/A,N/A,N/A
Open-End Funds,Fixed Rate / Return (Annualized Return ),NBP Fixed Term Munafa Plan I (A),,N/A,"Jan 20, 2025",10.1076,7.41,N/A,N/A,N/A,11.62,N/A,N/A,N/A,N/A,N/A,N/A
Open-End Funds,Fixed Rate / Return (Annualized Return ),NBP Fixed Term Munafa Plan II (A),,N/A,"Jan 20, 2025",10.1687,9.19,N/A,N/A,N/A,13.71,N/A,N/A,N/A,N/A,N/A,N/A
Open-End Funds,Fixed Rate / Return (Annualized Return ),NBP Fixed Term Munafa Plan III (A),,N/A,"Jan 20, 2025",10.1312,9.21,N/A,N/A,N/A,12.50,N/A,N/A,N/A,N/A,N/A,N/A
Open-End Funds,Fixed Rate / Return (Annualized Return ),NBP Fixed Term Munafa Plan IV (A),,N/A,"Jan 20, 2025",10.0386,4.14,N/A,N/A,N/A,4.70,N/A,N/A,N/A,N/A,N/A,N/A
Open-End Funds,Fixed Rate / Return (Annualized Return ),NBP Fixed Term Munafa Plan V (A),,N/A,"Jan 20, 2025",10.0393,4.22,N/A,N/A,N/A,4.78,N/A,N/A,N/A,N/A,N/A,N/A
Open-End Funds,Fixed Rate / Return (Annualized Return ),NBP Fixed Term Munafa Plan VIII,,N/A,"Jan 20, 2025",10,N/A,11.64,27.38,11.97,11.30,13.01,15.19,N/A,N/A,N/A,N/A
Open-End Funds,Fixed Rate / Return (Annualized Return ),NBP Fixed Term Munafa Plan X (A),,N/A,"Jan 20, 2025",10,N/A,N/A,N/A,N/A,N/A,N/A,N/A,N/A,N/A,N/A,N/A
Open-End Funds,Fixed Rate / Return (Annualized Return ),NBP Fixed Term Munafa Plan XII,,N/A,"Jan 20, 2025",11.12,20.21,N/A,N/A,N/A,12.03,16.30,22.40,20.21,N/A,N/A,N/A
Open-End Funds,Fixed Rate / Return (Annualized Return ),NBP Fixed Term Munafa Plan XIV( NBP Mustahkam Fund II),,N/A,"Jan 20, 2025",11.1378,20.75,N/A,N/A,N/A,12.07,16.57,22.78,N/A,N/A,N/A,N/A
Open-End Funds,Fixed Rate / Return (Annualized Return ),NBP Fixed Term Munafa Plan XIX,,N/A,"Jan 20, 2025",10.3878,17.02,N/A,N/A,N/A,4.10,N/A,N/A,N/A,N/A,N/A,N/A
Open-End Funds,Fixed Rate / Return (Annualized Return ),NBP Fixed Term Munafa Plan XV (NBP Mustahkam Fund II),,N/A,"Jan 09, 2025",10.8202,37.41,345.61,3110.53,236.53,118.27,50.42,N/A,N/A,N/A,N/A,N/A
Open-End Funds,Fixed Rate / Return (Annualized Return ),NBP Fixed Term Munafa Plan XVI (NBP Mustahkam Fund II),AM1,N/A,"Jan 20, 2025",11.0057,20.28,N/A,N/A,N/A,11.35,16.49,20.39,N/A,N/A,N/A,N/A
Open-End Funds,Fixed Rate / Return (Annualized Return ),NBP Fixed Term Munafa Plan XVII (NBP Mustahkam Fund II),AM1,N/A,"Jan 20, 2025",10.8633,19.10,N/A,N/A,N/A,11.74,16.49,N/A,N/A,N/A,N/A,N/A
Open-End Funds,Fixed Rate / Return (Annualized Return ),NBP Fixed Term Munafa Plan XVIII (NBP Mustahkam Fund II),AM1,N/A,"Jan 09, 2025",10.3296,29.32,144.99,1304.88,116.09,58.04,N/A,N/A,N/A,N/A,N/A,N/A
Open-End Funds,Fixed Rate / Return (Annualized Return ),NBP Fixed Term Munafa Plan XX (NBP Mustahkam Fund II),AM1,N/A,"Jan 20, 2025",10.3016,12.37,N/A,N/A,N/A,12.82,12.23,N/A,N/A,N/A,N/A,N/A
Open-End Funds,Fixed Rate / Return (Annualized Return ),UBL Fixed Return Plan I (N),,N/A,"Jan 20, 2025",102.5152,13.91,12.02,12.74,12.05,13.96,N/A,N/A,N/A,N/A,N/A,N/A
Open-End Funds,Fixed Rate / Return (Annualized Return ),UBL Fixed Return Plan I (O),,N/A,"Jan 20, 2025",103.1037,18.27,15.98,4.31,15.23,16.60,N/A,N/A,N/A,N/A,N/A,N/A
Open-End Funds,Fixed Rate / Return (Annualized Return ),UBL Fixed Return Plan I (P),,N/A,"Dec 19, 2024",100.0529,19.31,19.31,19.31,N/A,N/A,N/A,N/A,N/A,N/A,N/A,N/A
Open-End Funds,Fixed Rate / Return (Annualized Return ),UBL Fixed Return Plan I (Q),,N/A,"Jan 20, 2025",101.5203,19.82,10.87,10.66,10.70,18.50,N/A,N/A,N/A,N/A,N/A,N/A
Open-End Funds,Fixed Rate / Return (Annualized Return ),UBL Fixed Return Plan I (R),,N/A,"Jan 20, 2025",101.6628,19.58,12.75,13.40,12.62,20.23,N/A,N/A,N/A,N/A,N/A,N/A
Open-End Funds,Fixed Rate / Return (Annualized Return ),UBL Fixed Return Plan I (S),,N/A,"Jan 20, 2025",162.9768,820.95,31.88,46.39,27.04,766.22,N/A,N/A,N/A,N/A,N/A,N/A
Open-End Funds,Fixed Rate / Return (Annualized Return ),UBL Fixed Return Plan I (T),,N/A,"Jan 20, 2025",100.8842,10.41,11.84,11.06,11.75,10.76,N/A,N/A,N/A,N/A,N/A,N/A
Open-End Funds,Fixed Rate / Return (Annualized Return ),UBL Fixed Return Plan I (U),,N/A,"Jan 20, 2025",369.0874,3637.66,11.50,12.05,12.01,N/A,N/A,N/A,N/A,N/A,N/A,N/A
Open-End Funds,Fixed Rate / Return (Annualized Return ),UBL Fixed Return Plan I (V),,N/A,"Jan 20, 2025",101.1658,17.02,16.78,6.17,16.25,N/A,N/A,N/A,N/A,N/A,N/A,N/A
Open-End Funds,Fixed Rate / Return (Annualized Return ),UBL Fixed Return Plan II (M),,N/A,"Jan 20, 2025",110.2119,18.93,8.66,4.20,8.01,10.04,14.18,17.57,N/A,N/A,N/A,N/A
Open-End Funds,Fixed Rate / Return (Annualized Return ),UBL Fixed Return Plan II (Q),AM1,N/A,"Jan 20, 2025",108.477,17.09,10.88,11.61,10.91,11.06,13.35,17.19,N/A,N/A,N/A,N/A
Open-End Funds,Fixed Rate / Return (Annualized Return ),UBL Fixed Return Plan II (S),AM1,N/A,"Jan 20, 2025",105.1358,14.88,8.94,11.50,11.59,9.52,12.94,N/A,N/A,N/A,N/A,N/A
Open-End Funds,Fixed Rate / Return (Annualized Return ),UBL Fixed Return Plan II (T),AM1,N/A,"Jan 20, 2025",106.1024,18.72,11.32,9.45,10.68,11.24,15.10,N/A,N/A,N/A,N/A,N/A
Open-End Funds,Fixed Rate / Return (Annualized Return ),UBL Fixed Return Plan II (U),,N/A,"Jan 20, 2025",103.1346,17.34,16.06,4.71,15.38,15.57,N/A,N/A,N/A,N/A,N/A,N/A
Open-End Funds,Fixed Rate / Return (Annualized Return ),UBL Fixed Return Plan II (V),AM1,N/A,"Jan 20, 2025",101.5241,13.57,12.50,11.97,12.42,13.48,N/A,N/A,N/A,N/A,N/A,N/A
Open-End Funds,Fixed Rate / Return (Annualized Return ),UBL Fixed Return Plan II (W),,N/A,"Dec 24, 2024",100,N/A,N/A,N/A,N/A,N/A,N/A,N/A,N/A,N/A,N/A,N/A
Open-End Funds,Fixed Rate / Return (Annualized Return ),UBL Fixed Return Plan III (G),,N/A,"Jan 20, 2025",110.2881,20.62,16.78,6.21,16.26,16.26,14.58,17.72,19.34,19.93,N/A,N/A
Open-End Funds,Fixed Rate / Return (Annualized Return ),UBL Fixed Return Plan III (P),,N/A,"Jan 20, 2025",111.5186,20.78,9.86,6.97,9.05,9.79,13.88,19.47,20.60,N/A,N/A,N/A
Open-End Funds,Fixed Rate / Return (Annualized Return ),UBL Fixed Return Plan III (Q),,N/A,"Dec 15, 2024",101.2652,14.90,15.58,13.07,15.58,14.91,N/A,N/A,N/A,N/A,N/A,N/A
Open-End Funds,Fixed Rate / Return (Annualized Return ),UBL Fixed Return Plan III (R),AM1,N/A,"Jan 08, 2025",103.2055,14.81,14.02,27.41,13.44,14.21,N/A,N/A,N/A,N/A,N/A,N/A
Open-End Funds,Fixed Rate / Return (Annualized Return ),UBL Fixed Return Plan III (S),AM1,N/A,"Jan 20, 2025",103.8037,15.96,15.27,3.29,14.33,14.81,N/A,N/A,N/A,N/A,N/A,N/A
Open-End Funds,Fixed Rate / Return (Annualized Return ),UBL Fixed Return Plan III (T),,N/A,"Jan 20, 2025",102.7986,N/A,10.58,9.64,10.18,17.54,N/A,N/A,N/A,N/A,N/A,N/A
Open-End Funds,Fixed Rate / Return (Annualized Return ),UBL Fixed Return Plan III (U),,N/A,"Jan 20, 2025",102.2165,13.05,11.39,9.60,11.05,11.46,N/A,N/A,N/A,N/A,N/A,N/A
Open-End Funds,Fixed Rate / Return (Annualized Return ),UBL Fixed Return Plan III (V),,N/A,"Jan 20, 2025",102.0044,12.40,11.32,12.05,11.68,11.66,N/A,N/A,N/A,N/A,N/A,N/A
Open-End Funds,Fixed Rate / Return (Annualized Return ),UBL Fixed Return Plan IV (C),,N/A,"Jan 20, 2025",111.4625,24.78,10.90,4.85,9.31,11.00,14.80,20.32,25.43,N/A,N/A,N/A
Open-End Funds,Fixed Rate / Return (Annualized Return ),UBL Fixed Return Plan IV (D),,N/A,"Jan 20, 2025",111.1792,22.08,10.80,5.18,9.32,10.97,14.69,19.93,21.99,N/A,N/A,N/A
Open-End Funds,Fixed Rate / Return (Annualized Return ),UBL Fixed Return Plan IV (E),AM1,N/A,"Jan 20, 2025",110.2334,18.31,9.41,8.69,8.91,9.28,13.40,18.02,N/A,N/A,N/A,N/A
Open-End Funds,Fixed Rate / Return (Annualized Return ),UBL Fixed Return Plan IV (F),AM1,N/A,"Jan 20, 2025",104.4534,18.47,35.84,10.69,44.09,27.95,18.06,N/A,N/A,N/A,N/A,N/A
Open-End Funds,Fixed Rate / Return (Annualized Return ),UBL Fixed Return Plan IV (G),AM1,N/A,"Jan 20, 2025",107.1827,16.49,17.15,93.91,19.26,15.14,14.72,N/A,N/A,N/A,N/A,N/A
Open-End Funds,Fixed Rate / Return (Annualized Return ),UBL Fixed Return Plan IV (H),AM1,N/A,"Jan 20, 2025",106.3812,17.13,9.28,8.54,8.77,9.18,13.35,N/A,N/A,N/A,N/A,N/A
Open-End Funds,Fixed Rate / Return (Annualized Return ),UBL Fixed Return Plan IV (I),AM1,N/A,"Jan 20, 2025",103.9821,13.98,9.94,7.92,9.73,10.16,13.37,N/A,N/A,N/A,N/A,N/A
Open-End Funds,Fixed Rate / Return (Annualized Return ),UBL Fixed Return Plan IV (J),,N/A,"Jan 20, 2025",103.8436,N/A,13.94,10.37,14.83,12.96,13.89,N/A,N/A,N/A,N/A,N/A
Open-End Funds,Aggressive Fixed Income (Annualized Return ),AKD Aggressive Income Fund,A+(f),N/A,"Jan 20, 2025",56.5968,17.63,11.96,4.05,10.31,13.21,11.96,17.21,(6.95),(0.37),4.40,5.05
Open-End Funds,Aggressive Fixed Income (Annualized Return ),Alfalah GHP Income Multiplier Fund,A+(f),23,"Jan 16, 2025",59.5771,17.46,12.28,49.09,12.18,11.33,14.37,17.09,19.30,19.56,24.27,24.10
Open-End Funds,Aggressive Fixed Income (Annualized Return ),Alfalah Income & Growth Fund  (Formerly: Faysal Income & Growth Fund),A(f),N/A,"Jan 20, 2025",123.6062,23.32,15.32,15.11,15.45,1318.70,15.29,23.40,23.32,23.95,26.18,24.72
Open-End Funds,Aggressive Fixed Income (Annualized Return ),Askari High Yield Scheme,A(f),N/A,"Jan 20, 2025",112.2615,13.80,8.47,8.03,8.14,8.93,9.69,13.55,13.64,14.84,18.88,16.60
Open-End Funds,Aggressive Fixed Income (Annualized Return ),MCB Investment Savings Plan I,AM1,N/A,"Jan 20, 2025",111.6517,25.51,9.27,11.42,9.06,10.03,12.33,N/A,N/A,N/A,N/A,N/A
Open-End Funds,Aggressive Fixed Income (Annualized Return ),Pakistan Income Enhancement Fund,A+(f),N/A,"Jan 20, 2025",61.4912,21.36,12.93,12.88,12.07,12.70,13.13,21.33,21.25,20.18,22.59,21.66
Open-End Funds,Aggressive Fixed Income (Annualized Return ),UBL Growth & Income Fund,A+(f),N/A,"Dec 31, 2024",107.7185,52.08,169.89,55.08,2.81,175.07,70.69,52.45,43.82,39.71,39.71,35.31
Open-End Funds,Balanced (Absolute Return ),HBL Multi Asset Fund,,N/A,"Jan 20, 2025",186.0669,34.38,(2.57),0.69,(1.24),0.80,20.67,33.01,43.68,57.50,134.14,97.06
Open-End Funds,Balanced (Absolute Return ),NBP Balanced Fund,,N/A,"Jan 20, 2025",34.9471,42.12,(0.94),0.34,(1.21),0.92,25.26,40.32,49.91,60.80,135.35,105.20
Open-End Funds,Balanced (Absolute Return ),Pakistan Capital Market Fund,,N/A,"Jan 20, 2025",22.35,30.63,(0.36),0.13,(2.66),3.19,17.76,29.04,42.92,55.02,147.42,109.26
Open-End Funds,Balanced (Absolute Return ),Unit Trust of Pakistan,,N/A,"Jan 20, 2025",299.74,31.88,(1.10),0.18,(1.81),1.96,17.79,30.53,38.55,54.35,126.81,104.86
Open-End Funds,Asset Allocation (Absolute Return ),AL Habib Asset Allocation Fund,,N/A,"Jan 20, 2025",157.6543,58.67,0.66,0.58,(0.55),4.85,34.45,54.51,70.38,107.50,210.18,177.99
Open-End Funds,Asset Allocation (Absolute Return ),Alfalah Asset Allocation Fund (Formerly: Faysal Asset Allocation Fund),,N/A,"Jan 20, 2025",88.5349,43.81,(0.02),0.35,(1.06),3.66,18.89,42.00,55.46,72.35,149.77,111.00
Open-End Funds,Asset Allocation (Absolute Return ),Alfalah Financial Value Fund (Alfalah Financial Value Plan I),,N/A,"Jan 17, 2025",128.29,28.61,0.57,0.04,0.50,1.12,3.94,9.38,15.05,21.73,N/A,N/A
Open-End Funds,Asset Allocation (Absolute Return ),Alfalah GHP Value Fund,,N/A,"Jan 17, 2025",66.0333,35.30,(1.02),1.06,(1.86),0.93,19.02,30.88,44.52,52.26,131.24,95.74
Open-End Funds,Asset Allocation (Absolute Return ),Allied Finergy Fund,,N/A,"Jan 20, 2025",13.5959,43.95,(2.74),(0.08),(1.95),2.62,30.62,41.92,61.53,76.50,190.72,149.89
Open-End Funds,Asset Allocation (Absolute Return ),Lakson Asset Allocation Developed Markets Fund,,N/A,"Jan 19, 2025",197.8298,6.45,0.31,0.02,0.26,0.56,1.85,5.30,9.40,11.43,33.93,48.63
Open-End Funds,Asset Allocation (Absolute Return ),Lakson Tactical Fund,,N/A,"Jan 20, 2025",110.3896,20.58,0.21,0.13,(0.05),1.49,9.59,19.73,27.54,37.93,78.09,62.65
Open-End Funds,Asset Allocation (Absolute Return ),MCB Pakistan Asset Allocation Fund,,N/A,"Jan 20, 2025",169.9835,41.92,(1.29),N/A,(2.91),3.15,25.75,39.82,57.65,72.81,189.61,134.29
Open-End Funds,Asset Allocation (Absolute Return ),MCB Pakistan Opportunity Fund (MCB Pakistan  Dividend Yield Plan),,N/A,"Jan 20, 2025",235.6011,36.04,1.58,0.93,(1.64),5.38,17.69,34.51,53.57,75.14,199.62,N/A
Open-End Funds,Asset Allocation (Absolute Return ),NBP Sarmaya Izafa Fund,,N/A,"Jan 20, 2025",32.3047,47.14,(0.86),0.29,(1.52),1.93,28.60,44.76,57.09,73.60,177.26,137.14
Open-End Funds,Asset Allocation (Absolute Return ),NIT Asset Allocation Fund,,N/A,"Jan 20, 2025",17.0261,30.62,(0.72),0.24,(2.07),3.69,21.42,28.13,38.21,51.18,112.99,108.98
Open-End Funds,Asset Allocation (Absolute Return ),Pak Oman Advantage Asset Allocation Fund,,N/A,"Jan 20, 2025",54.2555,35.57,(1.07),0.55,(1.32),5.03,31.35,36.58,36.46,44.75,104.08,84.07
Open-End Funds,Asset Allocation (Absolute Return ),UBL Asset Allocation Fund,,N/A,"Jan 20, 2025",243.2122,27.99,0.11,0.14,(0.45),1.90,15.79,26.34,36.45,47.14,104.81,98.21
Open-End Funds,Fund of Funds (Absolute Return ),ABL Financial Planning Fund (Active Plan),,N/A,"Jan 20, 2025",112.8976,40.87,(0.52),0.38,(0.71),10.88,32.57,41.29,49.69,65.98,144.99,107.53
Open-End Funds,Fund of Funds (Absolute Return ),ABL Financial Planning Fund (Conservative Plan),,N/A,"Jan 20, 2025",127.7948,16.51,0.69,0.13,0.42,1.15,8.09,15.01,21.69,29.72,64.47,70.75
Open-End Funds,Fund of Funds (Absolute Return ),ABL Financial Planning Fund (Strategic Allocation Plan),,N/A,"Jan 20, 2025",114.4859,46.60,(0.52),0.35,(1.28),6.60,32.79,45.25,57.15,72.95,154.86,117.59
Open-End Funds,Fund of Funds (Absolute Return ),Alfalah GHP Prosperity Planning Fund (Alfalah GHP Active Allocation Plan),,N/A,"Jan 16, 2025",136.8752,46.88,(2.21),(0.82),(4.14),(2.91),29.15,42.86,61.15,76.55,155.67,139.32
Open-End Funds,Fund of Funds (Absolute Return ),Alfalah GHP Prosperity Planning Fund (Alfalah GHP Conservative Allocation Plan),,N/A,"Jan 16, 2025",127.6151,17.72,N/A,(0.13),(0.41),0.20,9.36,16.09,28.58,35.60,71.32,86.64
Open-End Funds,Fund of Funds (Absolute Return ),Alfalah GHP Prosperity Planning Fund (Alfalah GHP Moderate Allocation Plan),,N/A,"Jan 16, 2025",125.9506,27.46,(0.52),(0.29),(1.35),(0.66),16.17,25.17,35.45,43.59,94.46,99.99
Open-End Funds,Fund of Funds (Absolute Return ),Alfalah GHP Prosperity Planning Fund (Capital Preservation Plan IV),,N/A,"Jan 16, 2025",124.7862,24.79,(0.05),(0.11),(0.66),1.12,13.34,23.22,N/A,N/A,N/A,N/A
Open-End Funds,Fund of Funds (Absolute Return ),Alfalah Strategic Allocation Fund Plan - I,,N/A,"Jan 17, 2025",100.4805,0.65,(0.86),1.18,(0.93),(0.40),N/A,N/A,N/A,N/A,N/A,N/A
Open-End Funds,Fund of Funds (Absolute Return ),JS Fund of Funds,,N/A,"Jan 20, 2025",130.05,25.49,(1.09),0.35,(2.06),1.86,15.27,21.98,33.81,48.94,121.40,121.10
Open-End Funds,Index Tracker (Absolute Return ),AKD Index Tracker Fund,,N/A,"Jan 20, 2025",30.1868,44.21,0.06,0.48,(0.87),5.09,31.75,42.59,42.99,61.94,160.77,121.11
Open-End Funds,Shariah Compliant Money Market (Annualized Return ),ABL Islamic Cash Fund,AA+(f),N/A,"Jan 21, 2025",10.0639,16.57,11.11,10.88,11.03,11.37,13.48,15.89,17.69,19.16,21.80,21.22
Open-End Funds,Shariah Compliant Money Market (Annualized Return ),ABL Islamic Money Market Plan I,AA+(f),N/A,"Jan 21, 2025",10.8894,18.40,10.23,11.39,10.37,11.09,13.30,15.31,16.96,18.22,N/A,N/A
Open-End Funds,Shariah Compliant Money Market (Annualized Return ),AKD Islamic Daily Dividend Fund,,N/A,"Jan 21, 2025",50,23.82,9.12,13.87,9.88,14.26,16.91,19.78,29.44,27.64,N/A,N/A
Open-End Funds,Shariah Compliant Money Market (Annualized Return ),Al Ameen Islamic Cash Fund,AA+(f),N/A,"Jan 21, 2025",110.2967,16.13,10.07,14.05,10.36,10.81,13.21,15.71,17.40,18.62,21.43,20.43
Open-End Funds,Shariah Compliant Money Market (Annualized Return ),Al Ameen Islamic Cash Plan I,AA+(f),N/A,"Jan 21, 2025",109.224,16.23,10.02,12.52,10.32,11.43,13.16,15.76,17.85,19.27,21.91,21.24
Open-End Funds,Shariah Compliant Money Market (Annualized Return ),AL Habib Islamic Cash Fund,AA+(f),N/A,"Jan 21, 2025",108.5495,15.30,11.10,9.78,11.19,11.09,11.91,14.69,16.62,18.08,20.98,20.50
Open-End Funds,Shariah Compliant Money Market (Annualized Return ),Alfalah Islamic Money Market Fund,,N/A,"Jan 15, 2025",109.2339,16.51,10.24,11.79,10.20,11.32,13.68,16.07,17.94,19.09,N/A,N/A
Open-End Funds,Shariah Compliant Money Market (Annualized Return ),Alfalah Islamic Rozana Amdani Fund,AA(f),N/A,"Jan 17, 2025",100,16.35,8.64,16.68,9.80,10.91,13.41,16.00,15.27,12.14,14.50,15.62
Open-End Funds,Shariah Compliant Money Market (Annualized Return ),Alhamra Cash Management Optimizer,,N/A,"Jan 21, 2025",109.4708,16.63,11.31,10.99,12.27,11.36,13.55,16.21,17.90,19.12,N/A,N/A
Open-End Funds,Shariah Compliant Money Market (Annualized Return ),Alhamra Islamic Money Market Fund,AA+(f),N/A,"Jan 20, 2025",99.51,16.67,11.72,6.39,13.08,11.60,13.57,16.20,17.92,19.14,21.81,21.21
Open-End Funds,Shariah Compliant Money Market (Annualized Return ),Atlas Islamic Cash Fund,AM2+,N/A,"Jan 20, 2025",505.0306,15.92,11.24,15.29,11.86,11.52,13.31,15.42,N/A,N/A,N/A,N/A
Open-End Funds,Shariah Compliant Money Market (Annualized Return ),Atlas Islamic Money Market Fund,AA(f),N/A,"Jan 20, 2025",550.4148,16.56,10.77,12.08,11.20,11.49,13.29,16.03,17.88,19.09,21.94,21.11
Open-End Funds,Shariah Compliant Money Market (Annualized Return ),Faysal Halal Amdani Fund,AA(f),N/A,"Jan 21, 2025",110.673,15.34,10.55,10.00,10.61,10.54,12.20,14.79,16.76,18.29,21.36,20.89
Open-End Funds,Shariah Compliant Money Market (Annualized Return ),Faysal Islamic Cash Fund,AA(f),N/A,"Jan 21, 2025",109.4074,16.83,11.82,11.39,11.71,12.09,13.66,16.22,18.16,19.54,22.34,21.78
Open-End Funds,Shariah Compliant Money Market (Annualized Return ),HBL Islamic Money Market Fund,AA+(f),N/A,"Jan 21, 2025",110.1807,15.94,10.37,17.48,10.39,12.18,13.31,15.69,17.32,18.46,21.59,21.07
Open-End Funds,Shariah Compliant Money Market (Annualized Return ),HBL Islamic Savings Plan I,,N/A,"Jan 20, 2025",108.7548,17.50,9.13,N/A,10.01,9.78,12.35,14.98,16.80,N/A,N/A,N/A
Open-End Funds,Shariah Compliant Money Market (Annualized Return ),JS Islamic Money Market Fund (Formerly: JS Islamic Daily Dividend Fund),AA(f),N/A,"Jan 21, 2025",104.8409,16.09,11.38,10.33,11.24,11.37,12.07,15.56,17.33,18.76,21.59,20.82
Open-End Funds,Shariah Compliant Money Market (Annualized Return ),Lakson Islamic Money Market Fund,AA(f),N/A,"Jan 21, 2025",109.3685,14.86,10.24,11.46,10.03,10.48,11.13,14.23,16.69,17.84,21.05,N/A
Open-End Funds,Shariah Compliant Money Market (Annualized Return ),Mahaana Islamic Cash Fund,AA+(f),N/A,"Jan 19, 2025",115.8101,16.11,9.98,8.18,10.03,10.41,12.71,15.51,17.66,19.21,N/A,N/A
Open-End Funds,Shariah Compliant Money Market (Annualized Return ),Meezan Cash Fund,AA(f),N/A,"Jan 20, 2025",55.7078,15.47,10.40,13.43,10.78,10.97,12.78,14.98,16.92,18.28,20.97,19.99
Open-End Funds,Shariah Compliant Money Market (Annualized Return ),Meezan Rozana Amdani Fund,AA+(f),N/A,"Jan 20, 2025",50,16.34,11.18,25.11,12.07,11.72,13.10,15.82,17.58,18.81,21.51,20.92
Open-End Funds,Shariah Compliant Money Market (Annualized Return ),NBP Islamic Daily Dividend Fund,AA+(f),N/A,"Jan 21, 2025",10,16.57,9.66,14.60,10.02,10.65,12.77,16.07,17.72,18.98,21.70,21.00
Open-End Funds,Shariah Compliant Money Market (Annualized Return ),NBP Islamic Money Market Fund,AA(f),N/A,"Jan 21, 2025",11.0889,16.26,10.71,13.18,11.09,11.64,13.34,15.79,17.56,18.86,21.48,20.49
Open-End Funds,Shariah Compliant Money Market (Annualized Return ),NIT Islamic Money Market Fund,AAA(f),N/A,"Jan 21, 2025",109.8798,15.72,11.47,11.53,11.28,11.93,12.83,15.19,16.90,18.29,21.25,20.80
Open-End Funds,Shariah Compliant Money Market (Annualized Return ),Pak Oman Daily Dividend Fund,AA(f),N/A,"Jan 21, 2025",10,12.99,6.71,8.03,6.82,5.08,8.78,12.36,13.79,14.68,16.74,17.19
Open-End Funds,Shariah Compliant Money Market (Annualized Return ),Pak Qatar Asan Munafa Plan,AA(f),N/A,"Jan 21, 2025",109.201,15.24,9.11,9.82,9.41,8.27,10.79,14.62,16.50,17.72,20.62,N/A
Open-End Funds,Shariah Compliant Money Market (Annualized Return ),Pak Qatar Cash Plan,AA(f),N/A,"Jan 21, 2025",109.9527,16.46,9.97,13.07,9.94,11.76,13.42,16.01,17.72,19.00,21.99,N/A
Open-End Funds,Shariah Compliant Money Market (Annualized Return ),Pak Qatar Daily Dividend Plan,AA(f),N/A,"Jan 21, 2025",100,16.21,10.07,9.93,9.69,11.54,12.38,15.42,17.47,18.74,21.77,N/A
Open-End Funds,Shariah Compliant Money Market (Annualized Return ),786 Islamic Money Market Fund,AM3,N/A,"Jan 20, 2025",101.0756,4.36,6.98,7.59,6.77,5.82,4.36,N/A,N/A,N/A,N/A,N/A
Open-End Funds,Shariah Compliant Income (Annualized Return ),ABL Islamic Income Fund,A+(f),N/A,"Jan 20, 2025",11.369,18.83,9.83,11.24,10.12,12.80,13.61,18.86,19.28,19.99,20.33,18.44
Open-End Funds,Shariah Compliant Income (Annualized Return ),ABL Islamic Sovereign Plan I,,N/A,"Jan 20, 2025",11.0057,20.17,11.06,21.57,12.47,12.11,17.95,20.28,N/A,N/A,N/A,N/A
Open-End Funds,Shariah Compliant Income (Annualized Return ),AKD Islamic Income Fund,AA-(f),N/A,"Jan 20, 2025",56.3193,16.69,8.33,22.89,8.76,9.47,12.33,16.43,(6.77),(0.26),10.02,12.33
Open-End Funds,Shariah Compliant Income (Annualized Return ),Al Ameen Islamic Income Fund,,N/A,"Jan 20, 2025",111.6288,20.82,10.55,7.74,10.47,11.01,14.61,20.86,20.18,20.35,N/A,N/A
Open-End Funds,Shariah Compliant Income (Annualized Return ),Al Ameen Islamic Sovereign Fund,AA-(f),N/A,"Jan 20, 2025",112.2222,18.60,10.03,15.73,10.24,12.25,14.94,18.45,18.95,19.08,20.87,18.84
Open-End Funds,Shariah Compliant Income (Annualized Return ),AL Habib Islamic Income Fund,AA(f),N/A,"Jan 20, 2025",111.0736,16.96,11.10,16.75,11.31,12.22,14.33,16.36,17.94,18.76,21.63,20.45
Open-End Funds,Shariah Compliant Income (Annualized Return ),AL Habib Islamic Savings Fund,AA(f),N/A,"Jan 21, 2025",109.6584,16.50,10.38,13.98,10.47,11.32,14.45,15.95,17.56,18.41,21.60,20.84
Open-End Funds,Shariah Compliant Income (Annualized Return ),Alfalah GHP Islamic Income Fund,AA-(f),N/A,"Jan 17, 2025",113.2318,17.49,9.41,11.61,9.19,12.10,13.86,17.19,18.22,19.09,21.45,19.73
Open-End Funds,Shariah Compliant Income (Annualized Return ),Alfalah Islamic Sovereign Fund (Alfalah Islamic Sovereign Plan I),,N/A,"Jan 17, 2025",100.236,17.54,2.03,12.23,1.32,7.14,12.62,17.04,18.07,18.25,N/A,N/A
Open-End Funds,Shariah Compliant Income (Annualized Return ),Alfalah Islamic Sovereign Fund (Alfalah Islamic Sovereign Plan II),,N/A,"Jan 17, 2025",120.7525,18.89,9.39,18.65,9.72,11.26,13.65,17.49,18.39,18.40,N/A,N/A
Open-End Funds,Shariah Compliant Income (Annualized Return ),Alfalah Islamic Sovereign Fund (Alfalah Islamic Sovereign Plan III),AM1,N/A,"Jan 17, 2025",106.3096,15.56,16.34,6.94,10.84,15.94,12.96,N/A,N/A,N/A,N/A,N/A
Open-End Funds,Shariah Compliant Income (Annualized Return ),Alhamra Daily Dividend Fund,AA-(f),N/A,"Jan 21, 2025",100,15.12,9.86,18.87,10.48,9.20,11.50,14.49,16.62,18.25,20.34,19.90
Open-End Funds,Shariah Compliant Income (Annualized Return ),Alhamra Government Securities Plan I,AM1,N/A,"Jan 20, 2025",112.1143,21.68,9.62,34.89,11.16,11.86,15.42,22.03,N/A,N/A,N/A,N/A
Open-End Funds,Shariah Compliant Income (Annualized Return ),Alhamra Islamic Income Fund,AA(f),N/A,"Jan 20, 2025",114.5216,17.99,10.84,17.74,10.80,12.68,13.54,17.86,18.66,19.13,21.28,20.05
Open-End Funds,Shariah Compliant Income (Annualized Return ),Atlas Islamic Income Fund,AA-(f),N/A,"Jan 20, 2025",561.026,17.11,8.31,14.38,7.68,9.77,12.97,16.35,18.17,18.95,21.22,20.30
Open-End Funds,Shariah Compliant Income (Annualized Return ),AWT Islamic Income Fund,A+(f),N/A,"Jan 20, 2025",115.923,17.65,11.82,15.00,11.60,12.22,14.01,17.20,18.80,20.04,23.17,21.70
Open-End Funds,Shariah Compliant Income (Annualized Return ),Faysal Islamic Savings Growth Fund,A+(f),N/A,"Jan 20, 2025",116.2899,18.53,7.31,11.28,5.04,8.81,12.49,17.78,18.57,18.83,19.70,18.66
Open-End Funds,Shariah Compliant Income (Annualized Return ),Faysal Islamic Sovereign Fund (Faysal Islamic Sovereign Plan I),AA(f),N/A,"Jan 20, 2025",110.754,18.04,9.51,15.22,10.23,10.39,13.09,17.40,18.54,18.59,N/A,N/A
Open-End Funds,Shariah Compliant Income (Annualized Return ),Faysal Islamic Sovereign Fund (Faysal Islamic Sovereign Plan II),AA(f),N/A,"Jan 20, 2025",110.5375,19.48,8.57,13.94,9.26,9.80,13.06,17.54,18.95,19.35,N/A,N/A
Open-End Funds,Shariah Compliant Income (Annualized Return ),Faysal Islamic Special Income Plan I,,N/A,"Jan 21, 2025",11.0515,17.11,11.68,54.24,13.26,13.40,15.50,16.95,17.91,18.21,25.31,N/A
Open-End Funds,Shariah Compliant Income (Annualized Return ),Faysal Islamic Special Income Plan III,,N/A,"Jan 21, 2025",109.1738,18.80,11.72,11.61,11.54,12.76,14.40,15.40,17.37,N/A,N/A,N/A
Open-End Funds,Shariah Compliant Income (Annualized Return ),HBL Islamic Income Fund,A+(f),N/A,"Jan 20, 2025",112.7422,15.56,9.01,N/A,10.20,9.39,12.21,15.00,16.79,17.87,21.76,21.27
Open-End Funds,Shariah Compliant Income (Annualized Return ),JS Islamic Income Fund,AA-(f),N/A,"Jan 20, 2025",114.9207,14.39,9.90,9.89,9.65,10.04,11.25,13.78,15.62,16.82,19.97,18.88
Open-End Funds,Shariah Compliant Income (Annualized Return ),Meezan Daily Income Fund (MDIP I),,N/A,"Jan 20, 2025",50,16.83,8.21,11.61,8.48,10.58,13.13,16.40,17.93,19.10,21.86,21.21
Open-End Funds,Shariah Compliant Income (Annualized Return ),Meezan Daily Income Fund (Meezan Mahana Munafa Plan),,N/A,"Jan 20, 2025",50,12.75,9.51,8.47,9.13,8.92,8.92,12.03,14.53,16.02,18.85,N/A
Open-End Funds,Shariah Compliant Income (Annualized Return ),Meezan Daily Income Fund (Meezan Munafa Plan I),,N/A,"Jan 20, 2025",54.9971,16.96,8.99,7.37,7.88,9.85,13.72,16.70,17.82,18.58,N/A,N/A
Open-End Funds,Shariah Compliant Income (Annualized Return ),Meezan Daily Income Fund (Meezan Sehl Account Plan) (MSHP),,N/A,"Jan 21, 2025",53.8881,12.48,7.60,7.12,7.03,7.51,8.88,11.73,14.32,16.02,N/A,N/A
Open-End Funds,Shariah Compliant Income (Annualized Return ),Meezan Daily Income Fund (Meezan Super Saver Plan) (MSSP),,N/A,"Jan 20, 2025",54.9061,17.34,9.26,10.04,9.27,9.67,13.78,16.42,17.54,N/A,N/A,N/A
Open-End Funds,Shariah Compliant Income (Annualized Return ),Meezan Islamic Income Fund,A+(f),N/A,"Jan 20, 2025",56.753,16.65,10.15,10.73,9.96,10.88,13.04,16.16,17.81,18.77,20.76,19.41
Open-End Funds,Shariah Compliant Income (Annualized Return ),Meezan Sovereign Fund,AA(f),N/A,"Jan 20, 2025",57.6348,17.93,10.15,17.12,10.32,10.96,14.23,17.58,18.68,18.98,22.11,20.14
Open-End Funds,Shariah Compliant Income (Annualized Return ),NBP Islamic Government Securities Plan III,,N/A,"Jan 20, 2025",11.1399,21.33,7.68,20.33,6.81,10.27,14.64,19.67,20.57,21.25,N/A,N/A
Open-End Funds,Shariah Compliant Income (Annualized Return ),NBP Islamic Income Fund,A+(f),N/A,"Jan 20, 2025",11.0797,16.92,9.95,15.80,10.19,11.36,13.60,16.53,17.69,18.33,20.92,20.18
Open-End Funds,Shariah Compliant Income (Annualized Return ),NBP Islamic Mahana Amdani Fund,A+(f),N/A,"Jan 20, 2025",11.0716,16.67,10.74,14.20,10.95,11.39,13.33,16.26,17.60,18.34,20.93,19.80
Open-End Funds,Shariah Compliant Income (Annualized Return ),NBP Islamic Savings Fund,AA-(f),N/A,"Jan 21, 2025",10.4368,15.87,11.33,10.84,11.24,11.59,12.67,15.27,17.32,18.84,20.16,18.98
Open-End Funds,Shariah Compliant Income (Annualized Return ),NBP Riba Free Savings Fund,A+(f),N/A,"Jan 20, 2025",11.2606,15.90,11.28,11.35,11.29,11.47,13.10,15.32,17.33,18.20,20.33,18.98
Open-End Funds,Shariah Compliant Income (Annualized Return ),NIT Islamic Income Fund,AA-(f),N/A,"Jan 20, 2025",10.4985,15.82,10.56,11.46,10.45,11.32,12.89,15.35,17.20,18.26,21.48,20.51
Open-End Funds,Shariah Compliant Income (Annualized Return ),Pak Oman Advantage Islamic Income Fund,A+(f),N/A,"Jan 20, 2025",57.6883,14.21,10.94,10.00,10.79,10.36,11.10,13.65,15.64,17.04,21.70,20.73
Open-End Funds,Shariah Compliant Income (Annualized Return ),Pak Qatar Income Plan,AA-(f),N/A,"Jan 20, 2025",111.9542,18.82,7.56,28.76,6.04,11.29,14.20,18.30,19.58,20.45,23.43,N/A
Open-End Funds,Shariah Compliant Income (Annualized Return ),Pak Qatar Khalis Bachat Plan,A(f),N/A,"Jan 20, 2025",110.3322,16.50,0.94,12.08,(2.79),7.36,10.62,15.97,17.65,18.93,21.91,N/A
Open-End Funds,Shariah Compliant Income (Annualized Return ),Pak Qatar Monthly Income Plan,A+(f),N/A,"Jan 20, 2025",101.7652,18.09,8.34,12.99,3.89,11.76,13.45,17.52,19.01,20.07,22.86,N/A
Open-End Funds,Shariah Compliant Income (Annualized Return ),786 Smart Fund,AA-(f),N/A,"Jan 20, 2025",91.5328,58.57,11.46,10.80,10.90,14.45,13.54,62.70,18.57,19.88,22.71,21.89
Open-End Funds,Shariah Compliant Equity (Absolute Return ),ABL Islamic Stock Fund,,N/A,"Jan 20, 2025",26.5035,47.13,(1.24),0.55,(1.37),3.42,34.80,47.05,54.92,73.31,186.49,128.26
Open-End Funds,Shariah Compliant Equity (Absolute Return ),AKD Islamic Stock Fund,,N/A,"Jan 20, 2025",86.1956,46.61,(0.46),1.82,(1.86),4.67,33.00,43.79,44.00,50.78,157.75,91.37
Open-End Funds,Shariah Compliant Equity (Absolute Return ),Al Ameen Islamic Energy Fund,,N/A,"Jan 20, 2025",280.1578,73.96,(5.64),(0.32),(3.08),(0.78),45.23,75.79,70.84,84.92,223.32,204.95
Open-End Funds,Shariah Compliant Equity (Absolute Return ),Al Ameen Shariah Stock Fund,,N/A,"Jan 20, 2025",363.83,49.23,(2.52),0.31,(2.11),1.37,36.27,50.15,57.70,74.18,193.30,135.85
Open-End Funds,Shariah Compliant Equity (Absolute Return ),AL Habib Islamic Stock Fund,,N/A,"Jan 20, 2025",160.2204,59.95,(0.06),0.86,(0.92),4.31,36.24,52.47,71.85,109.53,247.15,194.74
Open-End Funds,Shariah Compliant Equity (Absolute Return ),Al Meezan Mutual Fund,,N/A,"Jan 20, 2025",36.2984,48.76,(2.61),0.19,(2.49),2.27,35.54,49.17,53.94,68.86,180.06,137.36
Open-End Funds,Shariah Compliant Equity (Absolute Return ),Alfalah GHP Islamic Stock Fund,,N/A,"Jan 17, 2025",55.7562,44.28,(3.28),1.26,(4.72),(0.35),35.75,42.50,55.83,74.62,200.15,144.32
Open-End Funds,Shariah Compliant Equity (Absolute Return ),Alhamra Islamic Stock Fund,,N/A,"Jan 20, 2025",21.58,42.63,(1.60),0.37,(2.18),2.96,25.39,41.79,55.77,73.18,201.36,132.39
Open-End Funds,Shariah Compliant Equity (Absolute Return ),Alhamra Opportunity Fund (Dividend Strategy Plan),,N/A,"Jan 20, 2025",147.6895,55.40,1.78,1.48,(1.01),6.99,15.11,27.69,40.12,N/A,N/A,N/A
Open-End Funds,Shariah Compliant Equity (Absolute Return ),Atlas Islamic Stock Fund,,N/A,"Jan 20, 2025","1,212.4978",46.99,(1.97),0.46,(2.00),2.63,32.88,46.76,55.81,75.58,197.15,138.02
Open-End Funds,Shariah Compliant Equity (Absolute Return ),AWT Islamic Stock Fund,,N/A,"Jan 20, 2025",162.393,48.00,(2.04),0.64,(2.73),2.94,34.92,45.33,54.84,70.38,171.56,116.80
Open-End Funds,Shariah Compliant Equity (Absolute Return ),Faysal Islamic Stock Fund,,N/A,"Jan 19, 2025",134.2507,43.04,(1.53),(0.01),(2.24),2.62,27.41,44.94,53.97,67.46,136.37,90.70
Open-End Funds,Shariah Compliant Equity (Absolute Return ),HBL Islamic Equity Fund,,N/A,"Jan 20, 2025",161.713,45.13,(6.08),N/A,(4.25),(1.99),33.84,40.13,52.34,77.81,159.45,93.65
Open-End Funds,Shariah Compliant Equity (Absolute Return ),HBL Islamic Stock Fund,,N/A,"Jan 20, 2025",200.4068,49.94,(4.22),N/A,(2.41),(0.71),34.16,51.78,53.00,71.35,170.35,87.71
Open-End Funds,Shariah Compliant Equity (Absolute Return ),JS Islamic Fund,,N/A,"Jan 20, 2025",209.3,47.47,(1.04),0.35,(2.68),3.01,34.36,49.72,54.60,71.01,164.37,123.64
Open-End Funds,Shariah Compliant Equity (Absolute Return ),Meezan Energy Fund,,N/A,"Jan 20, 2025",53.6474,57.30,(6.13),(0.56),(4.12),(0.74),43.02,59.15,58.77,70.32,192.74,173.87
Open-End Funds,Shariah Compliant Equity (Absolute Return ),Meezan Islamic Fund,,N/A,"Jan 20, 2025",120.3857,47.41,(2.86),0.35,(2.66),1.82,34.35,47.34,53.60,67.80,172.63,125.83
Open-End Funds,Shariah Compliant Equity (Absolute Return ),NBP Islamic Energy Fund,,N/A,"Jan 20, 2025",23.5148,64.74,(5.74),(0.48),(3.51),(0.34),44.70,67.58,65.87,82.59,217.09,204.29
Open-End Funds,Shariah Compliant Equity (Absolute Return ),NBP Islamic Stock Fund,,N/A,"Jan 20, 2025",21.4414,55.04,(2.73),0.56,(1.87),1.35,38.93,55.89,62.00,77.25,190.68,129.39
Open-End Funds,Shariah Compliant Equity (Absolute Return ),NIT Islamic Equity Fund,,N/A,"Jan 20, 2025",16.03,39.88,(1.23),0.31,(2.49),4.36,33.58,39.76,47.82,66.22,166.74,118.94
Open-End Funds,Shariah Compliant Equity (Absolute Return ),Pak Qatar Islamic Stock Fund,,N/A,"Jan 20, 2025",214.8294,23.11,(1.57),0.44,(1.86),3.35,20.62,23.77,29.08,43.44,128.03,N/A
Open-End Funds,Shariah Compliant Fixed Rate / Return (Annualized Return ),Al Ameen Islamic Fixed Return Plan I (G),,N/A,"Jan 20, 2025",110.6765,19.57,(1.05),(1.06),(3.35),85.21,22.88,17.41,19.33,N/A,N/A,N/A
Open-End Funds,Shariah Compliant Fixed Rate / Return (Annualized Return ),Al Ameen Islamic Fixed Term Plan I (K),,N/A,"Dec 03, 2024",107.974,18.38,43.00,89.83,12.40,15.06,15.52,17.40,N/A,N/A,N/A,N/A
Open-End Funds,Shariah Compliant Fixed Rate / Return (Annualized Return ),Al Ameen Islamic Fixed Term Plan I (L),,N/A,"Dec 03, 2024",107.7855,17.79,(2.62),(43.62),1.35,10.06,14.94,20.27,N/A,N/A,N/A,N/A
Open-End Funds,Shariah Compliant Fixed Rate / Return (Annualized Return ),Al Ameen Islamic Fixed Term Plan I (M),AM1,N/A,"Jan 20, 2025",100,14.08,7.92,11.68,6.77,9.28,11.53,N/A,N/A,N/A,N/A,N/A
Open-End Funds,Shariah Compliant Fixed Rate / Return (Annualized Return ),AL Habib Islamic Munafa Fund Plan IV,,N/A,"Dec 04, 2024",107.9392,18.19,(4.18),13.10,1.22,8.27,15.33,19.16,N/A,N/A,N/A,N/A
Open-End Funds,Shariah Compliant Fixed Rate / Return (Annualized Return ),Alfalah Islamic Stable Return Fund Plan II,,N/A,"Jan 16, 2025",110.1236,19.93,(1.27),(1.28),(1.27),85.66,27.60,20.02,19.68,N/A,N/A,N/A
Open-End Funds,Shariah Compliant Fixed Rate / Return (Annualized Return ),Alfalah Islamic Stable Return Fund Plan IV,,N/A,"Jan 17, 2025",112.3571,23.06,7.12,31.39,8.24,9.74,17.80,21.70,N/A,N/A,N/A,N/A
Open-End Funds,Shariah Compliant Fixed Rate / Return (Annualized Return ),Alhamra Wada Plan (Alhamra Wada Plan IX),,N/A,"Jan 21, 2025",112.0258,22.09,4.91,10.40,6.94,9.09,17.05,21.36,21.16,N/A,N/A,N/A
Open-End Funds,Shariah Compliant Fixed Rate / Return (Annualized Return ),Faysal Islamic Mustakil Munafa Fund (Faysal Islamic Mehdood Muddat Plan I),,N/A,"Jan 20, 2025",110.7837,20.86,4.02,(0.84),0.54,6.36,14.98,18.08,N/A,N/A,N/A,N/A
Open-End Funds,Shariah Compliant Fixed Rate / Return (Annualized Return ),HBL Islamic Fixed Term Plan I,,N/A,"Jun 14, 2024",104.1529,4.10,0.71,0.05,0.76,1.54,N/A,N/A,N/A,N/A,N/A,N/A
Open-End Funds,Shariah Compliant Fixed Rate / Return (Annualized Return ),Meezan Paaidaar Munafa Plan V,,N/A,"Jan 20, 2025",55.123,20.32,7.10,30.08,4.93,8.56,14.40,17.83,18.93,N/A,N/A,N/A
Open-End Funds,Shariah Compliant Fixed Rate / Return (Annualized Return ),Meezan Paaidaar Munafa Plan X,,N/A,"Jan 20, 2025",55.7986,21.69,4.53,10.15,6.42,8.46,16.67,21.04,21.69,N/A,N/A,N/A
Open-End Funds,Shariah Compliant Fixed Rate / Return (Annualized Return ),Meezan Paaidaar Munafa Plan XII,,N/A,"Jan 20, 2025",56.1429,22.86,7.18,21.35,9.93,9.20,17.44,21.47,N/A,N/A,N/A,N/A
Open-End Funds,Shariah Compliant Fixed Rate / Return (Annualized Return ),NBP Islamic Fixed Term Munafa Plan III,,N/A,"Jan 20, 2025",11.2212,22.16,N/A,N/A,N/A,10.95,23.69,23.76,N/A,N/A,N/A,N/A
Open-End Funds,Shariah Compliant Fixed Rate / Return (Annualized Return ),NBP Islamic Fixed Term Munafa Plan V,,N/A,"Jan 20, 2025",10.9294,N/A,N/A,N/A,N/A,14.58,15.88,17.66,N/A,N/A,N/A,N/A
Open-End Funds,Shariah Compliant Fixed Rate / Return (Annualized Return ),NBP Islamic Fixed Term Munafa Plan VI,,N/A,"Jan 20, 2025",11.1645,21.21,N/A,N/A,N/A,13.46,21.45,22.63,21.21,N/A,N/A,N/A
Open-End Funds,Shariah Compliant Fund of Funds - CPPI (Absolute Return ),ABL Islamic Financial Planning Fund (Capital Preservation Plan I),,N/A,"Jan 20, 2025",117.9996,17.92,0.02,0.26,(0.09),2.08,11.11,16.92,22.77,30.23,63.99,61.54
Open-End Funds,Shariah Compliant Aggressive Fixed Income (Annualized Return ),Al Ameen Islamic Aggressive Income Fund,A+(f),N/A,"Jan 20, 2025",120.4674,34.89,9.14,7.23,9.39,12.74,47.94,36.56,32.23,31.73,30.07,27.07
Open-End Funds,Shariah Compliant Aggressive Fixed Income (Annualized Return ),Al Ameen Islamic Aggressive Income Plan I,,N/A,"Jan 20, 2025",120.9465,20.11,11.40,7.34,10.49,12.06,15.52,19.12,20.80,20.91,20.60,18.22
Open-End Funds,Shariah Compliant Aggressive Fixed Income (Annualized Return ),Faysal Islamic Financial Growth Fund (Faysal Islamic Financial Growth Plan I),,N/A,"Jan 20, 2025",110.1248,17.61,10.53,10.07,10.60,11.07,12.58,17.25,18.07,19.26,N/A,N/A
Open-End Funds,Shariah Compliant Aggressive Fixed Income (Annualized Return ),Faysal Islamic Financial Growth Plan II,AM2++,N/A,"Jan 20, 2025",108.2878,18.11,15.37,12.48,14.19,15.73,16.29,N/A,N/A,N/A,N/A,N/A
Open-End Funds,Shariah Compliant Balanced (Absolute Return ),Meezan Balanced Fund,,N/A,"Jan 20, 2025",23.355,27.24,(1.50),0.16,(1.37),1.05,17.12,26.19,31.11,39.36,92.13,85.11
Open-End Funds,Shariah Compliant Asset Allocation (Absolute Return ),ABL Islamic Asset Allocation Fund,,N/A,"Jan 20, 2025",10.9942,10.41,0.41,0.03,0.24,0.79,3.37,8.99,14.33,20.28,44.36,60.80
Open-End Funds,Shariah Compliant Asset Allocation (Absolute Return ),Al Ameen Islamic Asset Allocation Fund,,N/A,"Jan 20, 2025",195.3763,24.70,(0.86),0.12,(0.80),1.09,16.09,23.98,29.51,37.95,88.84,82.85
Open-End Funds,Shariah Compliant Asset Allocation (Absolute Return ),Alfalah GHP Islamic Value Fund,,N/A,"Jan 17, 2025",122.2719,9.95,0.01,0.03,(0.07),0.75,3.26,8.62,14.57,20.87,48.52,67.74
Open-End Funds,Shariah Compliant Asset Allocation (Absolute Return ),Alhamra Islamic Asset Allocation Fund,,N/A,"Jan 20, 2025",153.4114,36.86,(1.42),0.52,(1.71),2.59,22.17,37.38,77.76,97.30,224.49,164.60
Open-End Funds,Shariah Compliant Asset Allocation (Absolute Return ),Faysal Islamic Asset Allocation Fund,,N/A,"Jan 20, 2025",101.0355,12.67,0.56,0.02,0.30,1.07,3.86,10.70,16.74,22.67,47.68,65.78
Open-End Funds,Shariah Compliant Asset Allocation (Absolute Return ),Faysal Islamic Asset Allocation Fund II,,N/A,"Jan 20, 2025",130.3005,30.30,0.38,0.62,0.46,1.94,17.19,N/A,N/A,N/A,N/A,N/A
Open-End Funds,Shariah Compliant Asset Allocation (Absolute Return ),Faysal Khushal Mustaqbil Fund (Faysal Barakah Women Savers Plan),,N/A,"Jan 17, 2025",100.0736,0.07,0.07,0.02,N/A,N/A,N/A,N/A,N/A,N/A,N/A,N/A
Open-End Funds,Shariah Compliant Asset Allocation (Absolute Return ),Faysal Khushal Mustaqbil Fund (Faysal Nuumah Women Savers Plan),,N/A,"Jan 17, 2025",100.0752,0.08,0.08,0.02,N/A,N/A,N/A,N/A,N/A,N/A,N/A,N/A
Open-End Funds,Shariah Compliant Asset Allocation (Absolute Return ),Faysal Khushal Mustaqbil Fund (Faysal Ujala Women Savers Plan),,N/A,"Jan 17, 2025",100.0731,0.07,0.07,0.02,N/A,N/A,N/A,N/A,N/A,N/A,N/A,N/A
Open-End Funds,Shariah Compliant Asset Allocation (Absolute Return ),HBL Islamic Asset Allocation Fund,,N/A,"Jan 20, 2025",251.9164,47.18,(3.48),N/A,(2.24),(0.13),31.68,46.57,54.58,71.13,175.16,133.98
Open-End Funds,Shariah Compliant Asset Allocation (Absolute Return ),HBL Islamic Asset Allocation Fund Plan I,,N/A,"Jan 15, 2025",110.1014,7.68,(0.06),N/A,(0.06),(0.15),1.90,6.75,(8.51),(3.32),17.37,32.93
Open-End Funds,Shariah Compliant Asset Allocation (Absolute Return ),HBL Islamic Asset Allocation Fund Plan II,,N/A,"Jan 20, 2025",110.7667,9.26,0.95,N/A,0.77,1.59,3.16,8.01,12.01,18.21,44.04,N/A
Open-End Funds,Shariah Compliant Asset Allocation (Absolute Return ),Lakson Islamic Tactical Fund,,N/A,"Jan 20, 2025",100.0804,16.20,0.03,0.11,(0.15),1.15,8.00,15.16,21.21,29.48,71.83,63.50
Open-End Funds,Shariah Compliant Asset Allocation (Absolute Return ),Meezan Asset Allocation Fund,,N/A,"Jan 20, 2025",84.934,39.92,(4.16),0.03,(3.64),0.70,29.40,39.65,43.69,55.00,138.61,97.83
Open-End Funds,Shariah Compliant Asset Allocation (Absolute Return ),Meezan Dynamic Asset Allocation Fund (Meezan Dividend Yield Plan),AM1,N/A,"Jan 20, 2025",65.8166,31.74,(2.38),0.15,(2.74),2.96,28.14,N/A,N/A,N/A,N/A,N/A
Open-End Funds,Shariah Compliant Asset Allocation (Absolute Return ),NBP Islamic Sarmaya Izafa Fund,,N/A,"Jan 20, 2025",29.82,44.81,(2.58),0.24,(1.79),0.73,31.19,45.15,51.03,64.48,161.25,124.47
Open-End Funds,Shariah Compliant Asset Allocation (Absolute Return ),Pak Oman Islamic Asset Allocation Fund,,N/A,"Jan 20, 2025",52.6647,34.20,(1.13),0.50,(1.23),4.91,28.21,35.13,33.93,40.29,83.00,67.49
Open-End Funds,Shariah Compliant Asset Allocation (Absolute Return ),Pak Qatar Asset Allocation Plan I (PQAAP  IA),,N/A,"Jan 20, 2025",112.6384,12.20,0.87,0.07,0.66,0.89,3.60,10.33,16.29,21.96,N/A,N/A
Open-End Funds,Shariah Compliant Asset Allocation (Absolute Return ),Pak Qatar Asset Allocation Plan II (PQAAP  IIA),,N/A,"Jan 20, 2025",111.0063,10.53,0.47,0.09,0.28,0.79,3.45,9.00,14.73,20.83,N/A,N/A
Open-End Funds,Shariah Compliant Asset Allocation (Absolute Return ),Pak-Qatar Asset Allocation Plan III (PQAAP  IIIA),AM2,N/A,"Jan 20, 2025",144.4504,44.45,1.24,1.15,0.06,7.29,26.23,N/A,N/A,N/A,N/A,N/A
Open-End Funds,Shariah Compliant Fund of Funds (Absolute Return ),ABL Islamic Financial Planning Fund (Active Allocation Plan),,N/A,"Jan 20, 2025",113.1343,34.72,(0.78),0.55,(0.94),3.00,25.59,34.66,120.83,138.81,242.99,209.95
Open-End Funds,Shariah Compliant Fund of Funds (Absolute Return ),ABL Islamic Financial Planning Fund (Aggressive Allocation Plan),,N/A,"Jan 20, 2025",112.7703,18.24,(1.53),0.03,(1.62),1.36,14.60,18.57,25.19,34.03,93.78,69.33
Open-End Funds,Shariah Compliant Fund of Funds (Absolute Return ),ABL Islamic Financial Planning Fund (Capital Preservation Plan II),,N/A,"Jan 20, 2025",118.6964,18.33,0.03,0.27,(0.07),3.06,12.18,17.56,23.52,31.30,61.97,61.84
Open-End Funds,Shariah Compliant Fund of Funds (Absolute Return ),ABL Islamic Financial Planning Fund (Conservative Allocation Plan),,N/A,"Jan 20, 2025",125.9883,8.78,0.50,0.08,0.43,1.01,3.14,7.42,12.53,18.54,43.13,47.69
Open-End Funds,Shariah Compliant Fund of Funds (Absolute Return ),ABL Islamic Financial Planning Fund (Strategic Allocation Plan III),,N/A,"Jan 20, 2025",117.325,34.16,(0.75),0.54,(0.91),4.55,26.67,34.80,41.64,55.61,124.54,101.08
Open-End Funds,Shariah Compliant Fund of Funds (Absolute Return ),ABL Islamic Financial Planning Fund (Strategic Allocation Plan),,N/A,"Jan 20, 2025",116.6514,34.44,(0.77),0.56,(0.93),3.14,25.99,34.75,42.05,55.81,124.12,100.88
Open-End Funds,Shariah Compliant Fund of Funds (Absolute Return ),Alfalah GHP Islamic Prosperity Planning Fund (Alfalah GHP Islamic Active Allocation Plan II),,N/A,"Jan 17, 2025",128.3158,41.32,(0.55),0.41,(0.93),1.83,34.03,39.05,51.55,65.36,133.95,127.33
Open-End Funds,Shariah Compliant Fund of Funds (Absolute Return ),Alfalah GHP Islamic Prosperity Planning Fund (Alfalah GHP Islamic Balance Allocation Plan),,N/A,"Jan 17, 2025",117.3174,15.89,(0.14),0.29,(0.42),0.90,8.99,14.59,20.73,27.91,59.48,70.40
Open-End Funds,Shariah Compliant Fund of Funds (Absolute Return ),Alfalah GHP Islamic Prosperity Planning Fund (Alfalah GHP Islamic Moderate Allocation Plan),,N/A,"Jan 17, 2025",129.0881,23.70,(0.98),0.58,(1.50),0.59,16.74,22.12,29.97,40.07,79.12,87.46
Open-End Funds,Shariah Compliant Fund of Funds (Absolute Return ),Alfalah KTrade Islamic Plan VII,,N/A,"Jan 15, 2025",120.3099,6.91,0.39,0.03,0.39,0.87,3.15,6.42,6.46,10.94,N/A,N/A
Open-End Funds,Shariah Compliant Fund of Funds (Absolute Return ),Alhamra Smart Portfolio,,N/A,"Jan 20, 2025",150.6249,16.85,N/A,0.16,(0.21),1.61,8.27,15.66,22.25,29.56,67.77,71.27
Open-End Funds,Shariah Compliant Fund of Funds (Absolute Return ),Atlas Islamic Fund of Funds (Atlas Aggressive Allocation Islamic Plan),,N/A,"Jan 20, 2025","1,127.2698",37.16,(1.48),0.35,(1.73),2.15,25.52,36.54,44.11,58.64,140.20,114.09
Open-End Funds,Shariah Compliant Fund of Funds (Absolute Return ),Atlas Islamic Fund of Funds (Atlas Conservative Allocation Islamic Plan),,N/A,"Jan 20, 2025",828.8038,21.43,(0.46),0.21,(0.62),1.51,13.19,20.25,26.55,35.68,80.07,86.01
Open-End Funds,Shariah Compliant Fund of Funds (Absolute Return ),Atlas Islamic Fund of Funds (Atlas Moderate Allocation Islamic Plan),,N/A,"Jan 20, 2025",999.2138,30.94,(1.11),0.30,(1.34),1.88,20.62,30.03,37.11,48.88,113.07,102.08
Open-End Funds,Shariah Compliant Fund of Funds (Absolute Return ),Meezan Financial Planning Fund of Funds (Aggressive),,N/A,"Jan 19, 2025",141.7924,38.19,(1.87),N/A,(1.81),2.05,27.51,37.72,43.41,54.82,128.29,104.29
Open-End Funds,Shariah Compliant Fund of Funds (Absolute Return ),Meezan Financial Planning Fund of Funds (Conservative),,N/A,"Jan 19, 2025",108.7484,18.78,(0.35),N/A,(0.39),1.27,10.93,17.74,22.70,29.67,67.91,74.34
Open-End Funds,Shariah Compliant Fund of Funds (Absolute Return ),Meezan Financial Planning Fund of Funds (MAAP I),,N/A,"Jan 19, 2025",110.5227,32.70,(2.52),N/A,(2.20),0.90,22.90,32.16,37.61,48.27,116.00,92.58
Open-End Funds,Shariah Compliant Fund of Funds (Absolute Return ),Meezan Financial Planning Fund of Funds (Moderate),,N/A,"Jan 19, 2025",120.8594,29.06,(1.18),N/A,(1.14),1.62,19.36,28.15,33.99,43.25,100.75,93.52
Open-End Funds,Shariah Compliant Fund of Funds (Absolute Return ),Meezan Financial Planning Fund of Funds (Very Conservative Allocation Plan),,N/A,"Jan 19, 2025",54.1228,7.55,0.33,N/A,0.32,0.63,3.58,6.86,10.45,16.78,N/A,N/A
Open-End Funds,Shariah Compliant Fund of Funds (Absolute Return ),Meezan Strategic Allocation Fund (MSAP I),,N/A,"Jan 19, 2025",77.0962,37.32,(2.93),N/A,(2.56),0.97,24.88,36.42,42.32,52.91,120.86,98.14
Open-End Funds,Shariah Compliant Fund of Funds (Absolute Return ),Meezan Strategic Allocation Fund (MSAP II),,N/A,"Jan 19, 2025",65.6139,35.65,(0.78),N/A,(1.79),2.56,24.34,33.78,40.55,53.35,119.96,96.93
Open-End Funds,Shariah Compliant Fund of Funds (Absolute Return ),Meezan Strategic Allocation Fund (MSAP III),,N/A,"Jan 19, 2025",72.6061,34.24,(2.45),N/A,(2.23),1.09,23.50,33.47,39.05,49.42,115.88,93.32
Open-End Funds,Shariah Compliant Fund of Funds (Absolute Return ),Meezan Strategic Allocation Fund (MSAP IV),,N/A,"Jan 19, 2025",76.2982,32.98,(2.59),N/A,(2.26),0.84,22.94,32.45,37.74,47.90,114.04,90.33
Open-End Funds,Shariah Compliant Fund of Funds (Absolute Return ),Meezan Strategic Allocation Fund (MSAP V),,N/A,"Jan 19, 2025",84.5119,30.63,(2.42),N/A,(2.12),0.89,21.77,30.56,35.27,45.53,107.64,85.10
Open-End Funds,Shariah Compliant Index Tracker (Absolute Return ),KSE Meezan Index Fund,,N/A,"Jan 20, 2025",141.6786,39.53,(0.28),0.45,(2.18),4.45,33.86,39.35,45.33,64.12,161.34,130.53
Open-End Funds,Shariah Compliant Commodities (Absolute Return ),Meezan Gold Fund,,N/A,"Jan 19, 2025",196.4699,19.86,2.77,N/A,2.27,2.83,(0.19),12.65,22.64,32.19,66.49,113.88
