0,1,s_close,s_date
"Jun 26, 15",11.15,11.15,"Jun 26, 15"
"Jun 29, 15",11.03,11.03,"Jun 29, 15"
"Jun 30, 15",11.01,11.01,"Jun 30, 15"
"Jul 01, 15",11.00,11.00,"Jul 01, 15"
"Jul 02, 15",11.00,11.00,"Jul 02, 15"
"Jul 03, 15",10.92,10.92,"Jul 03, 15"
"Jul 06, 15",10.75,10.75,"Jul 06, 15"
"Jul 07, 15",10.54,10.54,"Jul 07, 15"
"Jul 08, 15",10.29,10.29,"Jul 08, 15"
"Jul 09, 15",10.35,10.35,"Jul 09, 15"
"Jul 10, 15",10.46,10.46,"Jul 10, 15"
"Jul 13, 15",10.51,10.51,"Jul 13, 15"
"Jul 14, 15",10.69,10.69,"Jul 14, 15"
"Jul 15, 15",10.73,10.73,"Jul 15, 15"
"Jul 16, 15",11.10,11.10,"Jul 16, 15"
"Jul 22, 15",10.96,10.96,"Jul 22, 15"
"Jul 23, 15",10.87,10.87,"Jul 23, 15"
"Jul 24, 15",10.79,10.79,"Jul 24, 15"
"Jul 27, 15",10.65,10.65,"Jul 27, 15"
"Jul 28, 15",10.60,10.60,"Jul 28, 15"
"Jul 29, 15",10.51,10.51,"Jul 29, 15"
"Jul 30, 15",10.52,10.52,"Jul 30, 15"
"Jul 31, 15",11.01,11.01,"Jul 31, 15"
"Aug 03, 15",10.78,10.78,"Aug 03, 15"
"Aug 04, 15",10.62,10.62,"Aug 04, 15"
"Aug 05, 15",10.60,10.60,"Aug 05, 15"
"Aug 06, 15",10.75,10.75,"Aug 06, 15"
"Aug 07, 15",10.76,10.76,"Aug 07, 15"
"Aug 10, 15",10.74,10.74,"Aug 10, 15"
"Aug 11, 15",10.64,10.64,"Aug 11, 15"
"Aug 12, 15",10.62,10.62,"Aug 12, 15"
"Aug 13, 15",10.67,10.67,"Aug 13, 15"
"Aug 17, 15",10.67,10.67,"Aug 17, 15"
"Aug 18, 15",10.76,10.76,"Aug 18, 15"
"Aug 19, 15",10.69,10.69,"Aug 19, 15"
"Aug 20, 15",10.53,10.53,"Aug 20, 15"
"Aug 21, 15",10.45,10.45,"Aug 21, 15"
"Aug 24, 15",9.93,9.93,"Aug 24, 15"
"Aug 25, 15",10.25,10.25,"Aug 25, 15"
"Aug 26, 15",10.19,10.19,"Aug 26, 15"
"Aug 27, 15",10.21,10.21,"Aug 27, 15"
"Aug 28, 15",10.53,10.53,"Aug 28, 15"
"Aug 31, 15",10.33,10.33,"Aug 31, 15"
"Sep 01, 15",10.29,10.29,"Sep 01, 15"
"Sep 02, 15",10.28,10.28,"Sep 02, 15"
"Sep 03, 15",10.26,10.26,"Sep 03, 15"
"Sep 04, 15",10.22,10.22,"Sep 04, 15"
"Sep 07, 15",10.10,10.10,"Sep 07, 15"
"Sep 08, 15",10.11,10.11,"Sep 08, 15"
"Sep 09, 15",10.26,10.26,"Sep 09, 15"
"Sep 10, 15",10.13,10.13,"Sep 10, 15"
"Sep 11, 15",10.14,10.14,"Sep 11, 15"
"Sep 14, 15",10.21,10.21,"Sep 14, 15"
"Sep 15, 15",10.24,10.24,"Sep 15, 15"
"Sep 16, 15",10.16,10.16,"Sep 16, 15"
"Sep 17, 15",10.26,10.26,"Sep 17, 15"
"Sep 18, 15",10.26,10.26,"Sep 18, 15"
"Sep 21, 15",10.11,10.11,"Sep 21, 15"
"Sep 22, 15",10.05,10.05,"Sep 22, 15"
"Sep 23, 15",10.24,10.24,"Sep 23, 15"
"Sep 28, 15",10.15,10.15,"Sep 28, 15"
"Sep 29, 15",10.10,10.10,"Sep 29, 15"
"Sep 30, 15",10.56,10.56,"Sep 30, 15"
"Oct 01, 15",10.21,10.21,"Oct 01, 15"
"Oct 02, 15",10.25,10.25,"Oct 02, 15"
"Oct 05, 15",10.18,10.18,"Oct 05, 15"
"Oct 06, 15",10.16,10.16,"Oct 06, 15"
"Oct 07, 15",10.13,10.13,"Oct 07, 15"
"Oct 08, 15",10.23,10.23,"Oct 08, 15"
"Oct 09, 15",10.22,10.22,"Oct 09, 15"
"Oct 12, 15",10.36,10.36,"Oct 12, 15"
"Oct 13, 15",10.31,10.31,"Oct 13, 15"
"Oct 14, 15",10.28,10.28,"Oct 14, 15"
"Oct 15, 15",10.33,10.33,"Oct 15, 15"
"Oct 16, 15",10.25,10.25,"Oct 16, 15"
"Oct 19, 15",10.14,10.14,"Oct 19, 15"
"Oct 20, 15",10.15,10.15,"Oct 20, 15"
"Oct 21, 15",10.10,10.10,"Oct 21, 15"
"Oct 22, 15",10.08,10.08,"Oct 22, 15"
"Oct 26, 15",10.41,10.41,"Oct 26, 15"
"Oct 27, 15",10.18,10.18,"Oct 27, 15"
"Oct 28, 15",10.15,10.15,"Oct 28, 15"
"Oct 29, 15",10.15,10.15,"Oct 29, 15"
"Oct 30, 15",10.11,10.11,"Oct 30, 15"
"Nov 02, 15",10.19,10.19,"Nov 02, 15"
"Nov 03, 15",10.17,10.17,"Nov 03, 15"
"Nov 04, 15",10.12,10.12,"Nov 04, 15"
"Nov 05, 15",10.14,10.14,"Nov 05, 15"
"Nov 06, 15",10.05,10.05,"Nov 06, 15"
"Nov 09, 15",10.25,10.25,"Nov 09, 15"
"Nov 10, 15",10.25,10.25,"Nov 10, 15"
"Nov 11, 15",10.25,10.25,"Nov 11, 15"
"Nov 12, 15",10.34,10.34,"Nov 12, 15"
"Nov 13, 15",10.39,10.39,"Nov 13, 15"
"Nov 16, 15",10.47,10.47,"Nov 16, 15"
"Nov 17, 15",10.40,10.40,"Nov 17, 15"
"Nov 18, 15",10.41,10.41,"Nov 18, 15"
"Nov 19, 15",10.51,10.51,"Nov 19, 15"
"Nov 20, 15",10.54,10.54,"Nov 20, 15"
"Nov 23, 15",10.51,10.51,"Nov 23, 15"
"Nov 24, 15",10.50,10.50,"Nov 24, 15"
"Nov 25, 15",10.63,10.63,"Nov 25, 15"
"Nov 26, 15",10.59,10.59,"Nov 26, 15"
"Nov 27, 15",10.50,10.50,"Nov 27, 15"
"Nov 30, 15",10.40,10.40,"Nov 30, 15"
"Dec 01, 15",10.21,10.21,"Dec 01, 15"
"Dec 02, 15",10.25,10.25,"Dec 02, 15"
"Dec 03, 15",10.16,10.16,"Dec 03, 15"
"Dec 04, 15",10.28,10.28,"Dec 04, 15"
"Dec 07, 15",10.28,10.28,"Dec 07, 15"
"Dec 08, 15",10.27,10.27,"Dec 08, 15"
"Dec 09, 15",10.28,10.28,"Dec 09, 15"
"Dec 10, 15",10.27,10.27,"Dec 10, 15"
"Dec 11, 15",10.28,10.28,"Dec 11, 15"
"Dec 14, 15",10.25,10.25,"Dec 14, 15"
"Dec 15, 15",10.30,10.30,"Dec 15, 15"
"Dec 16, 15",10.40,10.40,"Dec 16, 15"
"Dec 17, 15",10.35,10.35,"Dec 17, 15"
"Dec 18, 15",10.30,10.30,"Dec 18, 15"
"Dec 21, 15",10.31,10.31,"Dec 21, 15"
"Dec 22, 15",10.44,10.44,"Dec 22, 15"
"Dec 23, 15",10.50,10.50,"Dec 23, 15"
"Dec 28, 15",10.61,10.61,"Dec 28, 15"
"Dec 29, 15",10.45,10.45,"Dec 29, 15"
"Dec 30, 15",10.50,10.50,"Dec 30, 15"
"Dec 31, 15",10.73,10.73,"Dec 31, 15"
"Jan 01, 16",10.55,10.55,"Jan 01, 16"
"Jan 04, 16",10.52,10.52,"Jan 04, 16"
"Jan 05, 16",10.50,10.50,"Jan 05, 16"
"Jan 06, 16",10.40,10.40,"Jan 06, 16"
"Jan 07, 16",10.50,10.50,"Jan 07, 16"
"Jan 08, 16",10.43,10.43,"Jan 08, 16"
"Jan 11, 16",10.28,10.28,"Jan 11, 16"
"Jan 12, 16",10.28,10.28,"Jan 12, 16"
"Jan 13, 16",10.29,10.29,"Jan 13, 16"
"Jan 14, 16",10.29,10.29,"Jan 14, 16"
"Jan 15, 16",10.27,10.27,"Jan 15, 16"
"Jan 18, 16",10.15,10.15,"Jan 18, 16"
"Jan 19, 16",10.22,10.22,"Jan 19, 16"
"Jan 20, 16",10.21,10.21,"Jan 20, 16"
"Jan 21, 16",10.30,10.30,"Jan 21, 16"
"Jan 22, 16",10.19,10.19,"Jan 22, 16"
"Jan 25, 16",10.19,10.19,"Jan 25, 16"
"Jan 26, 16",10.20,10.20,"Jan 26, 16"
"Jan 27, 16",10.08,10.08,"Jan 27, 16"
"Jan 28, 16",10.04,10.04,"Jan 28, 16"
"Jan 29, 16",9.99,9.99,"Jan 29, 16"
"Feb 01, 16",10.15,10.15,"Feb 01, 16"
"Feb 02, 16",10.19,10.19,"Feb 02, 16"
"Feb 03, 16",10.15,10.15,"Feb 03, 16"
"Feb 04, 16",10.10,10.10,"Feb 04, 16"
"Feb 08, 16",10.09,10.09,"Feb 08, 16"
"Feb 09, 16",10.17,10.17,"Feb 09, 16"
"Feb 10, 16",10.08,10.08,"Feb 10, 16"
"Feb 11, 16",10.07,10.07,"Feb 11, 16"
"Feb 12, 16",10.09,10.09,"Feb 12, 16"
"Feb 15, 16",10.04,10.04,"Feb 15, 16"
"Feb 16, 16",10.18,10.18,"Feb 16, 16"
"Feb 17, 16",10.10,10.10,"Feb 17, 16"
"Feb 18, 16",10.07,10.07,"Feb 18, 16"
"Feb 19, 16",10.00,10.00,"Feb 19, 16"
"Feb 22, 16",9.89,9.89,"Feb 22, 16"
"Feb 23, 16",9.95,9.95,"Feb 23, 16"
"Feb 24, 16",10.00,10.00,"Feb 24, 16"
"Feb 25, 16",10.09,10.09,"Feb 25, 16"
"Feb 26, 16",10.00,10.00,"Feb 26, 16"
"Feb 29, 16",10.00,10.00,"Feb 29, 16"
"Mar 01, 16",10.01,10.01,"Mar 01, 16"
"Mar 02, 16",10.05,10.05,"Mar 02, 16"
"Mar 03, 16",10.01,10.01,"Mar 03, 16"
"Mar 04, 16",10.01,10.01,"Mar 04, 16"
"Mar 07, 16",10.26,10.26,"Mar 07, 16"
"Mar 08, 16",10.25,10.25,"Mar 08, 16"
"Mar 09, 16",10.28,10.28,"Mar 09, 16"
"Mar 10, 16",10.25,10.25,"Mar 10, 16"
"Mar 11, 16",10.26,10.26,"Mar 11, 16"
"Mar 14, 16",10.26,10.26,"Mar 14, 16"
"Mar 15, 16",10.25,10.25,"Mar 15, 16"
"Mar 16, 16",10.25,10.25,"Mar 16, 16"
"Mar 17, 16",10.31,10.31,"Mar 17, 16"
"Mar 18, 16",10.45,10.45,"Mar 18, 16"
"Mar 21, 16",10.62,10.62,"Mar 21, 16"
"Mar 22, 16",10.48,10.48,"Mar 22, 16"
"Mar 24, 16",10.35,10.35,"Mar 24, 16"
"Mar 25, 16",10.39,10.39,"Mar 25, 16"
"Mar 28, 16",10.35,10.35,"Mar 28, 16"
"Mar 29, 16",10.40,10.40,"Mar 29, 16"
"Mar 30, 16",10.46,10.46,"Mar 30, 16"
"Mar 31, 16",10.44,10.44,"Mar 31, 16"
"Apr 01, 16",10.54,10.54,"Apr 01, 16"
"Apr 04, 16",10.52,10.52,"Apr 04, 16"
"Apr 05, 16",10.42,10.42,"Apr 05, 16"
"Apr 06, 16",10.46,10.46,"Apr 06, 16"
"Apr 07, 16",10.51,10.51,"Apr 07, 16"
"Apr 08, 16",10.52,10.52,"Apr 08, 16"
"Apr 11, 16",10.52,10.52,"Apr 11, 16"
"Apr 12, 16",10.52,10.52,"Apr 12, 16"
"Apr 13, 16",10.80,10.80,"Apr 13, 16"
"Apr 14, 16",10.70,10.70,"Apr 14, 16"
"Apr 15, 16",10.69,10.69,"Apr 15, 16"
"Apr 18, 16",10.72,10.72,"Apr 18, 16"
"Apr 19, 16",10.75,10.75,"Apr 19, 16"
"Apr 20, 16",10.75,10.75,"Apr 20, 16"
"Apr 21, 16",10.75,10.75,"Apr 21, 16"
"Apr 22, 16",10.74,10.74,"Apr 22, 16"
"Apr 25, 16",10.75,10.75,"Apr 25, 16"
"Apr 26, 16",10.65,10.65,"Apr 26, 16"
"Apr 27, 16",10.66,10.66,"Apr 27, 16"
"Apr 28, 16",10.65,10.65,"Apr 28, 16"
"Apr 29, 16",10.62,10.62,"Apr 29, 16"
"May 02, 16",10.64,10.64,"May 02, 16"
"May 03, 16",10.70,10.70,"May 03, 16"
"May 04, 16",10.62,10.62,"May 04, 16"
"May 05, 16",10.64,10.64,"May 05, 16"
"May 06, 16",10.54,10.54,"May 06, 16"
"May 09, 16",10.65,10.65,"May 09, 16"
"May 10, 16",10.61,10.61,"May 10, 16"
"May 11, 16",10.70,10.70,"May 11, 16"
"May 12, 16",10.62,10.62,"May 12, 16"
"May 13, 16",10.61,10.61,"May 13, 16"
"May 16, 16",10.65,10.65,"May 16, 16"
"May 17, 16",10.63,10.63,"May 17, 16"
"May 18, 16",10.70,10.70,"May 18, 16"
"May 19, 16",10.70,10.70,"May 19, 16"
"May 20, 16",10.69,10.69,"May 20, 16"
"May 23, 16",10.70,10.70,"May 23, 16"
"May 24, 16",10.55,10.55,"May 24, 16"
"May 25, 16",10.52,10.52,"May 25, 16"
"May 26, 16",10.59,10.59,"May 26, 16"
"May 27, 16",10.61,10.61,"May 27, 16"
"May 30, 16",10.69,10.69,"May 30, 16"
"May 31, 16",10.70,10.70,"May 31, 16"
"Jun 01, 16",10.61,10.61,"Jun 01, 16"
"Jun 02, 16",10.74,10.74,"Jun 02, 16"
"Jun 03, 16",10.65,10.65,"Jun 03, 16"
"Jun 06, 16",10.65,10.65,"Jun 06, 16"
"Jun 07, 16",10.65,10.65,"Jun 07, 16"
"Jun 08, 16",10.78,10.78,"Jun 08, 16"
"Jun 09, 16",10.87,10.87,"Jun 09, 16"
"Jun 10, 16",10.74,10.74,"Jun 10, 16"
"Jun 13, 16",10.72,10.72,"Jun 13, 16"
"Jun 14, 16",10.80,10.80,"Jun 14, 16"
"Jun 15, 16",10.79,10.79,"Jun 15, 16"
"Jun 16, 16",10.65,10.65,"Jun 16, 16"
"Jun 17, 16",10.81,10.81,"Jun 17, 16"
"Jun 20, 16",10.72,10.72,"Jun 20, 16"
"Jun 21, 16",10.75,10.75,"Jun 21, 16"
"Jun 22, 16",10.71,10.71,"Jun 22, 16"
"Jun 23, 16",10.80,10.80,"Jun 23, 16"
"Jun 24, 16",10.67,10.67,"Jun 24, 16"
"Jun 27, 16",10.61,10.61,"Jun 27, 16"
"Jun 28, 16",10.54,10.54,"Jun 28, 16"
"Jun 29, 16",10.70,10.70,"Jun 29, 16"
"Jun 30, 16",10.80,10.80,"Jun 30, 16"
"Jul 04, 16",10.85,10.85,"Jul 04, 16"
"Jul 11, 16",11.07,11.07,"Jul 11, 16"
"Jul 12, 16",11.13,11.13,"Jul 12, 16"
"Jul 13, 16",11.10,11.10,"Jul 13, 16"
"Jul 14, 16",11.00,11.00,"Jul 14, 16"
"Jul 15, 16",11.02,11.02,"Jul 15, 16"
"Jul 18, 16",11.03,11.03,"Jul 18, 16"
"Jul 19, 16",11.11,11.11,"Jul 19, 16"
"Jul 20, 16",11.04,11.04,"Jul 20, 16"
"Jul 21, 16",11.05,11.05,"Jul 21, 16"
"Jul 22, 16",11.26,11.26,"Jul 22, 16"
"Jul 25, 16",10.41,10.41,"Jul 25, 16"
"Jul 26, 16",10.48,10.48,"Jul 26, 16"
"Jul 27, 16",10.36,10.36,"Jul 27, 16"
"Jul 28, 16",10.41,10.41,"Jul 28, 16"
"Jul 29, 16",10.33,10.33,"Jul 29, 16"
"Aug 01, 16",10.30,10.30,"Aug 01, 16"
"Aug 02, 16",10.42,10.42,"Aug 02, 16"
"Aug 03, 16",10.26,10.26,"Aug 03, 16"
"Aug 04, 16",10.38,10.38,"Aug 04, 16"
"Aug 05, 16",10.35,10.35,"Aug 05, 16"
"Aug 08, 16",10.21,10.21,"Aug 08, 16"
"Aug 09, 16",10.30,10.30,"Aug 09, 16"
"Aug 10, 16",10.49,10.49,"Aug 10, 16"
"Aug 11, 16",10.31,10.31,"Aug 11, 16"
"Aug 12, 16",10.29,10.29,"Aug 12, 16"
"Aug 15, 16",10.48,10.48,"Aug 15, 16"
"Aug 16, 16",10.35,10.35,"Aug 16, 16"
"Aug 17, 16",10.40,10.40,"Aug 17, 16"
"Aug 18, 16",10.40,10.40,"Aug 18, 16"
"Aug 19, 16",10.35,10.35,"Aug 19, 16"
"Aug 22, 16",10.41,10.41,"Aug 22, 16"
"Aug 23, 16",10.30,10.30,"Aug 23, 16"
"Aug 24, 16",10.42,10.42,"Aug 24, 16"
"Aug 25, 16",10.50,10.50,"Aug 25, 16"
"Aug 26, 16",10.40,10.40,"Aug 26, 16"
"Aug 29, 16",10.42,10.42,"Aug 29, 16"
"Aug 30, 16",10.49,10.49,"Aug 30, 16"
"Aug 31, 16",10.36,10.36,"Aug 31, 16"
"Sep 01, 16",10.46,10.46,"Sep 01, 16"
"Sep 02, 16",10.36,10.36,"Sep 02, 16"
"Sep 05, 16",10.40,10.40,"Sep 05, 16"
"Sep 06, 16",10.40,10.40,"Sep 06, 16"
"Sep 07, 16",10.39,10.39,"Sep 07, 16"
"Sep 08, 16",10.41,10.41,"Sep 08, 16"
"Sep 09, 16",10.43,10.43,"Sep 09, 16"
"Sep 15, 16",10.40,10.40,"Sep 15, 16"
"Sep 16, 16",10.40,10.40,"Sep 16, 16"
"Sep 19, 16",10.31,10.31,"Sep 19, 16"
"Sep 20, 16",10.41,10.41,"Sep 20, 16"
"Sep 21, 16",10.35,10.35,"Sep 21, 16"
"Sep 22, 16",10.37,10.37,"Sep 22, 16"
"Sep 23, 16",10.40,10.40,"Sep 23, 16"
"Sep 26, 16",10.45,10.45,"Sep 26, 16"
"Sep 27, 16",10.49,10.49,"Sep 27, 16"
"Sep 28, 16",10.50,10.50,"Sep 28, 16"
"Sep 29, 16",10.41,10.41,"Sep 29, 16"
"Sep 30, 16",10.48,10.48,"Sep 30, 16"
"Oct 03, 16",10.73,10.73,"Oct 03, 16"
"Oct 04, 16",10.51,10.51,"Oct 04, 16"
"Oct 05, 16",10.60,10.60,"Oct 05, 16"
"Oct 06, 16",10.64,10.64,"Oct 06, 16"
"Oct 07, 16",10.60,10.60,"Oct 07, 16"
"Oct 10, 16",10.52,10.52,"Oct 10, 16"
"Oct 13, 16",10.51,10.51,"Oct 13, 16"
"Oct 14, 16",10.61,10.61,"Oct 14, 16"
"Oct 17, 16",10.60,10.60,"Oct 17, 16"
"Oct 18, 16",10.54,10.54,"Oct 18, 16"
"Oct 19, 16",10.59,10.59,"Oct 19, 16"
"Oct 20, 16",10.66,10.66,"Oct 20, 16"
"Oct 21, 16",10.70,10.70,"Oct 21, 16"
"Oct 24, 16",10.55,10.55,"Oct 24, 16"
"Oct 25, 16",10.59,10.59,"Oct 25, 16"
"Oct 26, 16",10.59,10.59,"Oct 26, 16"
"Oct 27, 16",10.53,10.53,"Oct 27, 16"
"Oct 28, 16",10.55,10.55,"Oct 28, 16"
"Oct 31, 16",10.57,10.57,"Oct 31, 16"
"Nov 01, 16",10.59,10.59,"Nov 01, 16"
"Nov 02, 16",10.65,10.65,"Nov 02, 16"
"Nov 03, 16",10.60,10.60,"Nov 03, 16"
"Nov 04, 16",10.61,10.61,"Nov 04, 16"
"Nov 07, 16",10.65,10.65,"Nov 07, 16"
"Nov 08, 16",10.73,10.73,"Nov 08, 16"
"Nov 09, 16",10.82,10.82,"Nov 09, 16"
"Nov 10, 16",10.79,10.79,"Nov 10, 16"
"Nov 11, 16",10.80,10.80,"Nov 11, 16"
"Nov 14, 16",10.78,10.78,"Nov 14, 16"
"Nov 15, 16",10.75,10.75,"Nov 15, 16"
"Nov 16, 16",10.77,10.77,"Nov 16, 16"
"Nov 17, 16",10.70,10.70,"Nov 17, 16"
"Nov 18, 16",10.65,10.65,"Nov 18, 16"
"Nov 21, 16",10.66,10.66,"Nov 21, 16"
"Nov 22, 16",10.70,10.70,"Nov 22, 16"
"Nov 23, 16",10.68,10.68,"Nov 23, 16"
"Nov 24, 16",10.73,10.73,"Nov 24, 16"
"Nov 25, 16",10.63,10.63,"Nov 25, 16"
"Nov 28, 16",10.65,10.65,"Nov 28, 16"
"Nov 29, 16",10.70,10.70,"Nov 29, 16"
"Nov 30, 16",10.70,10.70,"Nov 30, 16"
"Dec 01, 16",10.88,10.88,"Dec 01, 16"
"Dec 02, 16",10.92,10.92,"Dec 02, 16"
"Dec 05, 16",10.84,10.84,"Dec 05, 16"
"Dec 06, 16",10.84,10.84,"Dec 06, 16"
"Dec 07, 16",10.75,10.75,"Dec 07, 16"
"Dec 08, 16",10.87,10.87,"Dec 08, 16"
"Dec 09, 16",10.94,10.94,"Dec 09, 16"
"Dec 13, 16",10.95,10.95,"Dec 13, 16"
"Dec 14, 16",11.00,11.00,"Dec 14, 16"
"Dec 15, 16",11.00,11.00,"Dec 15, 16"
"Dec 16, 16",11.00,11.00,"Dec 16, 16"
"Dec 19, 16",10.89,10.89,"Dec 19, 16"
"Dec 20, 16",11.01,11.01,"Dec 20, 16"
"Dec 21, 16",11.00,11.00,"Dec 21, 16"
"Dec 22, 16",10.98,10.98,"Dec 22, 16"
"Dec 23, 16",10.92,10.92,"Dec 23, 16"
"Dec 26, 16",10.95,10.95,"Dec 26, 16"
"Dec 27, 16",10.91,10.91,"Dec 27, 16"
"Dec 28, 16",10.90,10.90,"Dec 28, 16"
"Dec 29, 16",10.78,10.78,"Dec 29, 16"
"Dec 30, 16",10.87,10.87,"Dec 30, 16"
"Jan 02, 17",10.86,10.86,"Jan 02, 17"
"Jan 03, 17",10.80,10.80,"Jan 03, 17"
"Jan 04, 17",10.95,10.95,"Jan 04, 17"
"Jan 05, 17",10.93,10.93,"Jan 05, 17"
"Jan 06, 17",10.95,10.95,"Jan 06, 17"
"Jan 09, 17",10.81,10.81,"Jan 09, 17"
"Jan 10, 17",10.75,10.75,"Jan 10, 17"
"Jan 11, 17",10.91,10.91,"Jan 11, 17"
"Jan 12, 17",10.98,10.98,"Jan 12, 17"
"Jan 13, 17",10.86,10.86,"Jan 13, 17"
"Jan 16, 17",10.83,10.83,"Jan 16, 17"
"Jan 17, 17",10.93,10.93,"Jan 17, 17"
"Jan 18, 17",10.84,10.84,"Jan 18, 17"
"Jan 19, 17",10.99,10.99,"Jan 19, 17"
"Jan 20, 17",10.99,10.99,"Jan 20, 17"
"Jan 23, 17",11.00,11.00,"Jan 23, 17"
"Jan 24, 17",10.90,10.90,"Jan 24, 17"
"Jan 25, 17",10.91,10.91,"Jan 25, 17"
"Jan 26, 17",11.00,11.00,"Jan 26, 17"
"Jan 27, 17",10.98,10.98,"Jan 27, 17"
"Jan 30, 17",10.98,10.98,"Jan 30, 17"
"Jan 31, 17",10.93,10.93,"Jan 31, 17"
"Feb 01, 17",10.97,10.97,"Feb 01, 17"
"Feb 02, 17",11.00,11.00,"Feb 02, 17"
"Feb 03, 17",10.92,10.92,"Feb 03, 17"
"Feb 06, 17",11.00,11.00,"Feb 06, 17"
"Feb 07, 17",10.99,10.99,"Feb 07, 17"
"Feb 08, 17",10.96,10.96,"Feb 08, 17"
"Feb 09, 17",10.83,10.83,"Feb 09, 17"
"Feb 10, 17",11.00,11.00,"Feb 10, 17"
"Feb 13, 17",10.95,10.95,"Feb 13, 17"
"Feb 14, 17",10.90,10.90,"Feb 14, 17"
"Feb 15, 17",10.85,10.85,"Feb 15, 17"
"Feb 16, 17",10.99,10.99,"Feb 16, 17"
"Feb 17, 17",10.97,10.97,"Feb 17, 17"
"Feb 20, 17",10.93,10.93,"Feb 20, 17"
"Feb 21, 17",10.91,10.91,"Feb 21, 17"
"Feb 22, 17",10.87,10.87,"Feb 22, 17"
"Feb 23, 17",10.86,10.86,"Feb 23, 17"
"Feb 24, 17",10.97,10.97,"Feb 24, 17"
"Feb 27, 17",10.81,10.81,"Feb 27, 17"
"Feb 28, 17",10.85,10.85,"Feb 28, 17"
"Mar 01, 17",10.94,10.94,"Mar 01, 17"
"Mar 02, 17",10.97,10.97,"Mar 02, 17"
"Mar 03, 17",10.95,10.95,"Mar 03, 17"
"Mar 06, 17",10.90,10.90,"Mar 06, 17"
"Mar 07, 17",10.90,10.90,"Mar 07, 17"
"Mar 08, 17",10.95,10.95,"Mar 08, 17"
"Mar 09, 17",10.90,10.90,"Mar 09, 17"
"Mar 10, 17",10.86,10.86,"Mar 10, 17"
"Mar 13, 17",10.90,10.90,"Mar 13, 17"
"Mar 14, 17",10.91,10.91,"Mar 14, 17"
"Mar 15, 17",10.95,10.95,"Mar 15, 17"
"Mar 16, 17",10.89,10.89,"Mar 16, 17"
"Mar 17, 17",10.90,10.90,"Mar 17, 17"
"Mar 20, 17",10.99,10.99,"Mar 20, 17"
"Mar 21, 17",10.97,10.97,"Mar 21, 17"
"Mar 22, 17",11.05,11.05,"Mar 22, 17"
"Mar 24, 17",11.14,11.14,"Mar 24, 17"
"Mar 27, 17",11.15,11.15,"Mar 27, 17"
"Mar 28, 17",11.16,11.16,"Mar 28, 17"
"Mar 29, 17",11.16,11.16,"Mar 29, 17"
"Mar 30, 17",10.99,10.99,"Mar 30, 17"
"Mar 31, 17",11.20,11.20,"Mar 31, 17"
"Apr 03, 17",11.06,11.06,"Apr 03, 17"
"Apr 04, 17",11.22,11.22,"Apr 04, 17"
"Apr 05, 17",11.10,11.10,"Apr 05, 17"
"Apr 06, 17",11.07,11.07,"Apr 06, 17"
"Apr 07, 17",11.10,11.10,"Apr 07, 17"
"Apr 10, 17",11.06,11.06,"Apr 10, 17"
"Apr 11, 17",11.10,11.10,"Apr 11, 17"
"Apr 12, 17",11.14,11.14,"Apr 12, 17"
"Apr 13, 17",11.05,11.05,"Apr 13, 17"
"Apr 14, 17",11.01,11.01,"Apr 14, 17"
"Apr 17, 17",10.98,10.98,"Apr 17, 17"
"Apr 18, 17",11.00,11.00,"Apr 18, 17"
"Apr 19, 17",11.00,11.00,"Apr 19, 17"
"Apr 20, 17",11.04,11.04,"Apr 20, 17"
"Apr 21, 17",11.01,11.01,"Apr 21, 17"
"Apr 24, 17",11.12,11.12,"Apr 24, 17"
"Apr 25, 17",11.25,11.25,"Apr 25, 17"
"Apr 26, 17",11.22,11.22,"Apr 26, 17"
"Apr 27, 17",11.50,11.50,"Apr 27, 17"
"Apr 28, 17",11.22,11.22,"Apr 28, 17"
"May 02, 17",11.16,11.16,"May 02, 17"
"May 03, 17",11.20,11.20,"May 03, 17"
"May 04, 17",11.29,11.29,"May 04, 17"
"May 05, 17",11.50,11.50,"May 05, 17"
"May 08, 17",11.70,11.70,"May 08, 17"
"May 09, 17",11.66,11.66,"May 09, 17"
"May 10, 17",11.62,11.62,"May 10, 17"
"May 11, 17",11.69,11.69,"May 11, 17"
"May 12, 17",11.65,11.65,"May 12, 17"
"May 15, 17",11.51,11.51,"May 15, 17"
"May 16, 17",11.51,11.51,"May 16, 17"
"May 17, 17",11.62,11.62,"May 17, 17"
"May 18, 17",11.56,11.56,"May 18, 17"
"May 19, 17",11.61,11.61,"May 19, 17"
"May 22, 17",11.56,11.56,"May 22, 17"
"May 23, 17",11.77,11.77,"May 23, 17"
"May 24, 17",11.80,11.80,"May 24, 17"
"May 25, 17",11.85,11.85,"May 25, 17"
"May 26, 17",11.71,11.71,"May 26, 17"
"May 29, 17",11.74,11.74,"May 29, 17"
"May 30, 17",11.67,11.67,"May 30, 17"
"May 31, 17",11.65,11.65,"May 31, 17"
"Jun 01, 17",11.47,11.47,"Jun 01, 17"
"Jun 02, 17",11.35,11.35,"Jun 02, 17"
"Jun 05, 17",11.60,11.60,"Jun 05, 17"
"Jun 06, 17",11.50,11.50,"Jun 06, 17"
"Jun 07, 17",11.69,11.69,"Jun 07, 17"
"Jun 08, 17",11.68,11.68,"Jun 08, 17"
"Jun 12, 17",11.38,11.38,"Jun 12, 17"
"Jun 13, 17",11.51,11.51,"Jun 13, 17"
"Jun 14, 17",11.39,11.39,"Jun 14, 17"
"Jun 15, 17",11.45,11.45,"Jun 15, 17"
"Jun 16, 17",11.41,11.41,"Jun 16, 17"
"Jun 19, 17",11.30,11.30,"Jun 19, 17"
"Jun 20, 17",11.17,11.17,"Jun 20, 17"
"Jun 21, 17",11.24,11.24,"Jun 21, 17"
"Jun 22, 17",11.40,11.40,"Jun 22, 17"
"Jun 29, 17",11.83,11.83,"Jun 29, 17"
"Jul 03, 17",11.29,11.29,"Jul 03, 17"
"Jul 04, 17",11.41,11.41,"Jul 04, 17"
"Jul 05, 17",11.40,11.40,"Jul 05, 17"
"Jul 06, 17",11.01,11.01,"Jul 06, 17"
"Jul 07, 17",11.48,11.48,"Jul 07, 17"
"Jul 10, 17",11.35,11.35,"Jul 10, 17"
"Jul 11, 17",11.49,11.49,"Jul 11, 17"
"Jul 12, 17",11.48,11.48,"Jul 12, 17"
"Jul 13, 17",11.22,11.22,"Jul 13, 17"
"Jul 14, 17",11.18,11.18,"Jul 14, 17"
"Jul 17, 17",11.52,11.52,"Jul 17, 17"
"Jul 18, 17",11.68,11.68,"Jul 18, 17"
"Jul 20, 17",11.63,11.63,"Jul 20, 17"
"Jul 21, 17",11.65,11.65,"Jul 21, 17"
"Jul 24, 17",11.60,11.60,"Jul 24, 17"
"Jul 25, 17",11.75,11.75,"Jul 25, 17"
"Jul 26, 17",11.90,11.90,"Jul 26, 17"
"Jul 27, 17",11.85,11.85,"Jul 27, 17"
"Jul 28, 17",11.88,11.88,"Jul 28, 17"
"Jul 31, 17",12.19,12.19,"Jul 31, 17"
"Aug 01, 17",12.11,12.11,"Aug 01, 17"
"Aug 02, 17",12.24,12.24,"Aug 02, 17"
"Aug 03, 17",12.30,12.30,"Aug 03, 17"
"Aug 04, 17",12.28,12.28,"Aug 04, 17"
"Aug 07, 17",12.26,12.26,"Aug 07, 17"
"Aug 08, 17",12.30,12.30,"Aug 08, 17"
"Aug 09, 17",12.25,12.25,"Aug 09, 17"
"Aug 10, 17",12.28,12.28,"Aug 10, 17"
"Aug 11, 17",12.25,12.25,"Aug 11, 17"
"Aug 15, 17",12.17,12.17,"Aug 15, 17"
"Aug 16, 17",12.32,12.32,"Aug 16, 17"
"Aug 17, 17",12.00,12.00,"Aug 17, 17"
"Aug 18, 17",12.31,12.31,"Aug 18, 17"
"Aug 21, 17",12.15,12.15,"Aug 21, 17"
"Aug 22, 17",12.14,12.14,"Aug 22, 17"
"Aug 23, 17",12.00,12.00,"Aug 23, 17"
"Aug 24, 17",12.00,12.00,"Aug 24, 17"
"Aug 25, 17",11.88,11.88,"Aug 25, 17"
"Aug 28, 17",11.88,11.88,"Aug 28, 17"
"Aug 29, 17",11.90,11.90,"Aug 29, 17"
"Aug 30, 17",12.09,12.09,"Aug 30, 17"
"Aug 31, 17",12.10,12.10,"Aug 31, 17"
"Sep 05, 17",11.42,11.42,"Sep 05, 17"
"Sep 06, 17",10.68,10.68,"Sep 06, 17"
"Sep 07, 17",10.60,10.60,"Sep 07, 17"
"Sep 08, 17",10.81,10.81,"Sep 08, 17"
"Sep 11, 17",10.75,10.75,"Sep 11, 17"
"Sep 12, 17",10.72,10.72,"Sep 12, 17"
"Sep 13, 17",10.89,10.89,"Sep 13, 17"
"Sep 14, 17",10.86,10.86,"Sep 14, 17"
"Sep 15, 17",10.94,10.94,"Sep 15, 17"
"Sep 18, 17",10.92,10.92,"Sep 18, 17"
"Sep 19, 17",10.93,10.93,"Sep 19, 17"
"Sep 20, 17",10.98,10.98,"Sep 20, 17"
"Sep 21, 17",10.90,10.90,"Sep 21, 17"
"Sep 22, 17",10.90,10.90,"Sep 22, 17"
"Sep 25, 17",10.91,10.91,"Sep 25, 17"
"Sep 26, 17",11.00,11.00,"Sep 26, 17"
"Sep 27, 17",10.94,10.94,"Sep 27, 17"
"Sep 28, 17",10.95,10.95,"Sep 28, 17"
"Sep 29, 17",10.93,10.93,"Sep 29, 17"
"Oct 02, 17",10.96,10.96,"Oct 02, 17"
"Oct 03, 17",10.98,10.98,"Oct 03, 17"
"Oct 04, 17",10.99,10.99,"Oct 04, 17"
"Oct 05, 17",10.98,10.98,"Oct 05, 17"
"Oct 06, 17",10.95,10.95,"Oct 06, 17"
"Oct 09, 17",10.91,10.91,"Oct 09, 17"
"Oct 10, 17",10.93,10.93,"Oct 10, 17"
"Oct 11, 17",10.99,10.99,"Oct 11, 17"
"Oct 12, 17",10.90,10.90,"Oct 12, 17"
"Oct 13, 17",10.78,10.78,"Oct 13, 17"
"Oct 16, 17",10.85,10.85,"Oct 16, 17"
"Oct 17, 17",10.80,10.80,"Oct 17, 17"
"Oct 18, 17",10.90,10.90,"Oct 18, 17"
"Oct 19, 17",11.00,11.00,"Oct 19, 17"
"Oct 20, 17",11.00,11.00,"Oct 20, 17"
"Oct 23, 17",10.95,10.95,"Oct 23, 17"
"Oct 24, 17",11.21,11.21,"Oct 24, 17"
"Oct 25, 17",11.05,11.05,"Oct 25, 17"
"Oct 26, 17",11.10,11.10,"Oct 26, 17"
"Oct 27, 17",11.20,11.20,"Oct 27, 17"
"Oct 30, 17",11.16,11.16,"Oct 30, 17"
"Oct 31, 17",11.24,11.24,"Oct 31, 17"
"Nov 01, 17",11.27,11.27,"Nov 01, 17"
"Nov 02, 17",11.30,11.30,"Nov 02, 17"
"Nov 03, 17",11.30,11.30,"Nov 03, 17"
"Nov 06, 17",11.30,11.30,"Nov 06, 17"
"Nov 07, 17",11.30,11.30,"Nov 07, 17"
"Nov 08, 17",11.30,11.30,"Nov 08, 17"
"Nov 09, 17",11.19,11.19,"Nov 09, 17"
"Nov 10, 17",11.25,11.25,"Nov 10, 17"
"Nov 13, 17",11.25,11.25,"Nov 13, 17"
"Nov 14, 17",11.23,11.23,"Nov 14, 17"
"Nov 15, 17",11.20,11.20,"Nov 15, 17"
"Nov 16, 17",11.19,11.19,"Nov 16, 17"
"Nov 17, 17",11.19,11.19,"Nov 17, 17"
"Nov 20, 17",11.14,11.14,"Nov 20, 17"
"Nov 21, 17",11.20,11.20,"Nov 21, 17"
"Nov 22, 17",11.20,11.20,"Nov 22, 17"
"Nov 23, 17",11.17,11.17,"Nov 23, 17"
"Nov 24, 17",11.15,11.15,"Nov 24, 17"
"Nov 27, 17",11.24,11.24,"Nov 27, 17"
"Nov 28, 17",11.15,11.15,"Nov 28, 17"
"Nov 29, 17",11.17,11.17,"Nov 29, 17"
"Nov 30, 17",11.13,11.13,"Nov 30, 17"
"Dec 04, 17",11.20,11.20,"Dec 04, 17"
"Dec 05, 17",11.20,11.20,"Dec 05, 17"
"Dec 06, 17",11.10,11.10,"Dec 06, 17"
"Dec 07, 17",11.10,11.10,"Dec 07, 17"
"Dec 08, 17",11.10,11.10,"Dec 08, 17"
"Dec 11, 17",11.08,11.08,"Dec 11, 17"
"Dec 12, 17",11.10,11.10,"Dec 12, 17"
"Dec 13, 17",11.21,11.21,"Dec 13, 17"
"Dec 14, 17",11.20,11.20,"Dec 14, 17"
"Dec 15, 17",11.19,11.19,"Dec 15, 17"
"Dec 18, 17",11.20,11.20,"Dec 18, 17"
"Dec 19, 17",11.29,11.29,"Dec 19, 17"
"Dec 20, 17",11.10,11.10,"Dec 20, 17"
"Dec 21, 17",11.10,11.10,"Dec 21, 17"
"Dec 22, 17",11.04,11.04,"Dec 22, 17"
"Dec 26, 17",11.09,11.09,"Dec 26, 17"
"Dec 27, 17",11.05,11.05,"Dec 27, 17"
"Dec 28, 17",11.01,11.01,"Dec 28, 17"
"Dec 29, 17",11.00,11.00,"Dec 29, 17"
"Jan 01, 18",11.00,11.00,"Jan 01, 18"
"Jan 02, 18",10.96,10.96,"Jan 02, 18"
"Jan 03, 18",11.00,11.00,"Jan 03, 18"
"Jan 04, 18",11.05,11.05,"Jan 04, 18"
"Jan 05, 18",11.09,11.09,"Jan 05, 18"
"Jan 08, 18",11.41,11.41,"Jan 08, 18"
"Jan 09, 18",11.20,11.20,"Jan 09, 18"
"Jan 10, 18",11.38,11.38,"Jan 10, 18"
"Jan 11, 18",11.50,11.50,"Jan 11, 18"
"Jan 12, 18",11.54,11.54,"Jan 12, 18"
"Jan 15, 18",11.60,11.60,"Jan 15, 18"
"Jan 16, 18",11.60,11.60,"Jan 16, 18"
"Jan 17, 18",11.65,11.65,"Jan 17, 18"
"Jan 18, 18",11.60,11.60,"Jan 18, 18"
"Jan 19, 18",11.73,11.73,"Jan 19, 18"
"Jan 22, 18",11.75,11.75,"Jan 22, 18"
"Jan 23, 18",11.80,11.80,"Jan 23, 18"
"Jan 24, 18",11.84,11.84,"Jan 24, 18"
"Jan 25, 18",11.84,11.84,"Jan 25, 18"
"Jan 26, 18",11.88,11.88,"Jan 26, 18"
"Jan 29, 18",11.58,11.58,"Jan 29, 18"
"Jan 30, 18",11.70,11.70,"Jan 30, 18"
"Jan 31, 18",12.00,12.00,"Jan 31, 18"
"Feb 01, 18",12.15,12.15,"Feb 01, 18"
"Feb 02, 18",12.10,12.10,"Feb 02, 18"
"Feb 06, 18",12.15,12.15,"Feb 06, 18"
"Feb 07, 18",12.24,12.24,"Feb 07, 18"
"Feb 08, 18",12.50,12.50,"Feb 08, 18"
"Feb 09, 18",12.93,12.93,"Feb 09, 18"
"Feb 12, 18",12.87,12.87,"Feb 12, 18"
"Feb 13, 18",12.64,12.64,"Feb 13, 18"
"Feb 14, 18",12.34,12.34,"Feb 14, 18"
"Feb 15, 18",12.46,12.46,"Feb 15, 18"
"Feb 16, 18",12.77,12.77,"Feb 16, 18"
"Feb 19, 18",12.77,12.77,"Feb 19, 18"
"Feb 20, 18",12.74,12.74,"Feb 20, 18"
"Feb 21, 18",12.72,12.72,"Feb 21, 18"
"Feb 22, 18",12.90,12.90,"Feb 22, 18"
"Feb 23, 18",12.90,12.90,"Feb 23, 18"
"Feb 26, 18",13.00,13.00,"Feb 26, 18"
"Feb 27, 18",12.95,12.95,"Feb 27, 18"
"Feb 28, 18",12.95,12.95,"Feb 28, 18"
"Mar 01, 18",12.95,12.95,"Mar 01, 18"
"Mar 02, 18",12.98,12.98,"Mar 02, 18"
"Mar 05, 18",13.00,13.00,"Mar 05, 18"
"Mar 06, 18",12.95,12.95,"Mar 06, 18"
"Mar 07, 18",12.91,12.91,"Mar 07, 18"
"Mar 08, 18",12.98,12.98,"Mar 08, 18"
"Mar 09, 18",13.00,13.00,"Mar 09, 18"
"Mar 12, 18",12.97,12.97,"Mar 12, 18"
"Mar 13, 18",12.99,12.99,"Mar 13, 18"
"Mar 14, 18",12.95,12.95,"Mar 14, 18"
"Mar 15, 18",12.96,12.96,"Mar 15, 18"
"Mar 16, 18",13.00,13.00,"Mar 16, 18"
"Mar 19, 18",12.98,12.98,"Mar 19, 18"
"Mar 20, 18",13.00,13.00,"Mar 20, 18"
"Mar 21, 18",13.00,13.00,"Mar 21, 18"
"Mar 22, 18",12.99,12.99,"Mar 22, 18"
"Mar 26, 18",12.88,12.88,"Mar 26, 18"
"Mar 27, 18",12.87,12.87,"Mar 27, 18"
"Mar 28, 18",12.98,12.98,"Mar 28, 18"
"Mar 29, 18",12.93,12.93,"Mar 29, 18"
"Mar 30, 18",12.99,12.99,"Mar 30, 18"
"Apr 02, 18",12.86,12.86,"Apr 02, 18"
"Apr 03, 18",12.95,12.95,"Apr 03, 18"
"Apr 04, 18",12.98,12.98,"Apr 04, 18"
"Apr 05, 18",12.99,12.99,"Apr 05, 18"
"Apr 06, 18",12.99,12.99,"Apr 06, 18"
"Apr 09, 18",12.99,12.99,"Apr 09, 18"
"Apr 10, 18",12.90,12.90,"Apr 10, 18"
"Apr 11, 18",12.95,12.95,"Apr 11, 18"
"Apr 12, 18",12.99,12.99,"Apr 12, 18"
"Apr 13, 18",12.99,12.99,"Apr 13, 18"
"Apr 16, 18",12.99,12.99,"Apr 16, 18"
"Apr 17, 18",12.96,12.96,"Apr 17, 18"
"Apr 18, 18",12.90,12.90,"Apr 18, 18"
"Apr 19, 18",12.97,12.97,"Apr 19, 18"
"Apr 20, 18",12.99,12.99,"Apr 20, 18"
"Apr 23, 18",12.96,12.96,"Apr 23, 18"
"Apr 24, 18",12.99,12.99,"Apr 24, 18"
"Apr 25, 18",12.95,12.95,"Apr 25, 18"
"Apr 26, 18",12.90,12.90,"Apr 26, 18"
"Apr 27, 18",12.95,12.95,"Apr 27, 18"
"Apr 30, 18",12.91,12.91,"Apr 30, 18"
"May 02, 18",12.94,12.94,"May 02, 18"
"May 03, 18",12.96,12.96,"May 03, 18"
"May 04, 18",12.90,12.90,"May 04, 18"
"May 07, 18",12.95,12.95,"May 07, 18"
"May 08, 18",12.86,12.86,"May 08, 18"
"May 09, 18",12.85,12.85,"May 09, 18"
"May 10, 18",12.89,12.89,"May 10, 18"
"May 11, 18",12.69,12.69,"May 11, 18"
"May 14, 18",12.93,12.93,"May 14, 18"
"May 15, 18",12.79,12.79,"May 15, 18"
"May 16, 18",12.76,12.76,"May 16, 18"
"May 17, 18",12.80,12.80,"May 17, 18"
"May 18, 18",12.80,12.80,"May 18, 18"
"May 21, 18",12.85,12.85,"May 21, 18"
"May 22, 18",12.95,12.95,"May 22, 18"
"May 23, 18",12.99,12.99,"May 23, 18"
"May 24, 18",13.25,13.25,"May 24, 18"
"May 25, 18",13.04,13.04,"May 25, 18"
"May 28, 18",13.19,13.19,"May 28, 18"
"May 29, 18",13.19,13.19,"May 29, 18"
"May 30, 18",13.04,13.04,"May 30, 18"
"May 31, 18",13.28,13.28,"May 31, 18"
"Jun 01, 18",13.15,13.15,"Jun 01, 18"
"Jun 04, 18",13.22,13.22,"Jun 04, 18"
"Jun 05, 18",13.24,13.24,"Jun 05, 18"
"Jun 06, 18",13.07,13.07,"Jun 06, 18"
"Jun 07, 18",13.15,13.15,"Jun 07, 18"
"Jun 11, 18",12.97,12.97,"Jun 11, 18"
"Jun 12, 18",12.96,12.96,"Jun 12, 18"
"Jun 13, 18",12.98,12.98,"Jun 13, 18"
"Jun 14, 18",13.00,13.00,"Jun 14, 18"
"Jun 19, 18",13.00,13.00,"Jun 19, 18"
"Jun 20, 18",13.00,13.00,"Jun 20, 18"
"Jun 21, 18",12.95,12.95,"Jun 21, 18"
"Jun 22, 18",12.90,12.90,"Jun 22, 18"
"Jun 25, 18",12.75,12.75,"Jun 25, 18"
"Jun 26, 18",12.75,12.75,"Jun 26, 18"
"Jun 27, 18",12.90,12.90,"Jun 27, 18"
"Jun 28, 18",12.85,12.85,"Jun 28, 18"
"Jun 29, 18",12.90,12.90,"Jun 29, 18"
"Jul 02, 18",12.85,12.85,"Jul 02, 18"
"Jul 03, 18",13.00,13.00,"Jul 03, 18"
"Jul 04, 18",13.00,13.00,"Jul 04, 18"
"Jul 05, 18",13.06,13.06,"Jul 05, 18"
"Jul 06, 18",13.00,13.00,"Jul 06, 18"
"Jul 09, 18",13.19,13.19,"Jul 09, 18"
"Jul 10, 18",12.82,12.82,"Jul 10, 18"
"Jul 11, 18",12.83,12.83,"Jul 11, 18"
"Jul 12, 18",12.80,12.80,"Jul 12, 18"
"Jul 13, 18",12.80,12.80,"Jul 13, 18"
"Jul 16, 18",12.75,12.75,"Jul 16, 18"
"Jul 17, 18",12.72,12.72,"Jul 17, 18"
"Jul 18, 18",12.58,12.58,"Jul 18, 18"
"Jul 19, 18",12.50,12.50,"Jul 19, 18"
"Jul 20, 18",12.50,12.50,"Jul 20, 18"
"Jul 23, 18",12.58,12.58,"Jul 23, 18"
"Jul 24, 18",12.60,12.60,"Jul 24, 18"
"Jul 26, 18",12.70,12.70,"Jul 26, 18"
"Jul 27, 18",12.70,12.70,"Jul 27, 18"
"Jul 30, 18",12.68,12.68,"Jul 30, 18"
"Jul 31, 18",12.70,12.70,"Jul 31, 18"
"Aug 01, 18",12.60,12.60,"Aug 01, 18"
"Aug 02, 18",12.49,12.49,"Aug 02, 18"
"Aug 03, 18",12.41,12.41,"Aug 03, 18"
"Aug 06, 18",12.37,12.37,"Aug 06, 18"
"Aug 07, 18",12.36,12.36,"Aug 07, 18"
"Aug 08, 18",12.43,12.43,"Aug 08, 18"
"Aug 09, 18",12.50,12.50,"Aug 09, 18"
"Aug 10, 18",12.60,12.60,"Aug 10, 18"
"Aug 13, 18",12.58,12.58,"Aug 13, 18"
"Aug 15, 18",12.55,12.55,"Aug 15, 18"
"Aug 16, 18",12.57,12.57,"Aug 16, 18"
"Aug 17, 18",12.55,12.55,"Aug 17, 18"
"Aug 20, 18",12.65,12.65,"Aug 20, 18"
"Aug 24, 18",12.85,12.85,"Aug 24, 18"
"Aug 27, 18",12.77,12.77,"Aug 27, 18"
"Aug 28, 18",12.53,12.53,"Aug 28, 18"
"Aug 29, 18",12.61,12.61,"Aug 29, 18"
"Aug 30, 18",12.56,12.56,"Aug 30, 18"
"Aug 31, 18",12.65,12.65,"Aug 31, 18"
"Sep 03, 18",12.60,12.60,"Sep 03, 18"
"Sep 04, 18",12.62,12.62,"Sep 04, 18"
"Sep 05, 18",12.75,12.75,"Sep 05, 18"
"Sep 06, 18",12.69,12.69,"Sep 06, 18"
"Sep 07, 18",12.55,12.55,"Sep 07, 18"
"Sep 10, 18",12.65,12.65,"Sep 10, 18"
"Sep 11, 18",12.60,12.60,"Sep 11, 18"
"Sep 12, 18",12.60,12.60,"Sep 12, 18"
"Sep 13, 18",12.59,12.59,"Sep 13, 18"
"Sep 14, 18",12.67,12.67,"Sep 14, 18"
"Sep 17, 18",12.75,12.75,"Sep 17, 18"
"Sep 18, 18",12.75,12.75,"Sep 18, 18"
"Sep 19, 18",12.75,12.75,"Sep 19, 18"
"Sep 24, 18",12.77,12.77,"Sep 24, 18"
"Sep 25, 18",12.72,12.72,"Sep 25, 18"
"Sep 26, 18",12.76,12.76,"Sep 26, 18"
"Sep 27, 18",12.65,12.65,"Sep 27, 18"
"Sep 28, 18",12.60,12.60,"Sep 28, 18"
"Oct 01, 18",12.77,12.77,"Oct 01, 18"
"Oct 02, 18",12.64,12.64,"Oct 02, 18"
"Oct 03, 18",12.75,12.75,"Oct 03, 18"
"Oct 04, 18",12.70,12.70,"Oct 04, 18"
"Oct 05, 18",12.62,12.62,"Oct 05, 18"
"Oct 08, 18",12.21,12.21,"Oct 08, 18"
"Oct 09, 18",12.25,12.25,"Oct 09, 18"
"Oct 10, 18",12.18,12.18,"Oct 10, 18"
"Oct 11, 18",12.59,12.59,"Oct 11, 18"
"Oct 12, 18",12.25,12.25,"Oct 12, 18"
"Oct 15, 18",11.91,11.91,"Oct 15, 18"
"Oct 16, 18",11.99,11.99,"Oct 16, 18"
"Oct 17, 18",12.00,12.00,"Oct 17, 18"
"Oct 18, 18",12.10,12.10,"Oct 18, 18"
"Oct 19, 18",12.00,12.00,"Oct 19, 18"
"Oct 22, 18",11.96,11.96,"Oct 22, 18"
"Oct 23, 18",11.98,11.98,"Oct 23, 18"
"Oct 24, 18",12.14,12.14,"Oct 24, 18"
"Oct 25, 18",12.20,12.20,"Oct 25, 18"
"Oct 26, 18",12.01,12.01,"Oct 26, 18"
"Oct 29, 18",12.01,12.01,"Oct 29, 18"
"Oct 30, 18",12.00,12.00,"Oct 30, 18"
"Oct 31, 18",12.02,12.02,"Oct 31, 18"
"Nov 01, 18",12.14,12.14,"Nov 01, 18"
"Nov 02, 18",12.23,12.23,"Nov 02, 18"
"Nov 05, 18",12.25,12.25,"Nov 05, 18"
"Nov 06, 18",12.21,12.21,"Nov 06, 18"
"Nov 07, 18",12.25,12.25,"Nov 07, 18"
"Nov 08, 18",12.14,12.14,"Nov 08, 18"
"Nov 09, 18",12.20,12.20,"Nov 09, 18"
"Nov 12, 18",12.16,12.16,"Nov 12, 18"
"Nov 13, 18",12.05,12.05,"Nov 13, 18"
"Nov 14, 18",12.01,12.01,"Nov 14, 18"
"Nov 15, 18",12.14,12.14,"Nov 15, 18"
"Nov 16, 18",12.06,12.06,"Nov 16, 18"
"Nov 19, 18",12.09,12.09,"Nov 19, 18"
"Nov 20, 18",12.20,12.20,"Nov 20, 18"
"Nov 22, 18",12.15,12.15,"Nov 22, 18"
"Nov 23, 18",12.16,12.16,"Nov 23, 18"
"Nov 26, 18",12.02,12.02,"Nov 26, 18"
"Nov 27, 18",12.10,12.10,"Nov 27, 18"
"Nov 28, 18",12.15,12.15,"Nov 28, 18"
"Nov 29, 18",12.14,12.14,"Nov 29, 18"
"Nov 30, 18",12.01,12.01,"Nov 30, 18"
"Dec 03, 18",12.00,12.00,"Dec 03, 18"
"Dec 04, 18",12.06,12.06,"Dec 04, 18"
"Dec 05, 18",11.96,11.96,"Dec 05, 18"
"Dec 06, 18",11.93,11.93,"Dec 06, 18"
"Dec 07, 18",11.94,11.94,"Dec 07, 18"
"Dec 10, 18",11.98,11.98,"Dec 10, 18"
"Dec 11, 18",12.00,12.00,"Dec 11, 18"
"Dec 12, 18",11.99,11.99,"Dec 12, 18"
"Dec 13, 18",11.90,11.90,"Dec 13, 18"
"Dec 14, 18",12.00,12.00,"Dec 14, 18"
"Dec 17, 18",12.00,12.00,"Dec 17, 18"
"Dec 18, 18",11.97,11.97,"Dec 18, 18"
"Dec 19, 18",12.00,12.00,"Dec 19, 18"
"Dec 20, 18",12.00,12.00,"Dec 20, 18"
"Dec 21, 18",12.00,12.00,"Dec 21, 18"
"Dec 24, 18",12.00,12.00,"Dec 24, 18"
"Dec 26, 18",12.00,12.00,"Dec 26, 18"
"Dec 27, 18",11.97,11.97,"Dec 27, 18"
"Dec 28, 18",11.97,11.97,"Dec 28, 18"
"Dec 31, 18",11.99,11.99,"Dec 31, 18"
"Jan 01, 19",11.98,11.98,"Jan 01, 19"
"Jan 02, 19",11.88,11.88,"Jan 02, 19"
"Jan 03, 19",11.85,11.85,"Jan 03, 19"
"Jan 04, 19",11.85,11.85,"Jan 04, 19"
"Jan 07, 19",11.89,11.89,"Jan 07, 19"
"Jan 08, 19",11.90,11.90,"Jan 08, 19"
"Jan 09, 19",11.90,11.90,"Jan 09, 19"
"Jan 10, 19",11.83,11.83,"Jan 10, 19"
"Jan 11, 19",11.89,11.89,"Jan 11, 19"
"Jan 14, 19",11.88,11.88,"Jan 14, 19"
"Jan 15, 19",11.85,11.85,"Jan 15, 19"
"Jan 16, 19",11.88,11.88,"Jan 16, 19"
"Jan 17, 19",11.80,11.80,"Jan 17, 19"
"Jan 18, 19",11.80,11.80,"Jan 18, 19"
"Jan 21, 19",11.80,11.80,"Jan 21, 19"
"Jan 22, 19",11.83,11.83,"Jan 22, 19"
"Jan 23, 19",11.80,11.80,"Jan 23, 19"
"Jan 24, 19",11.76,11.76,"Jan 24, 19"
"Jan 25, 19",11.82,11.82,"Jan 25, 19"
"Jan 28, 19",11.81,11.81,"Jan 28, 19"
"Jan 29, 19",11.80,11.80,"Jan 29, 19"
"Jan 30, 19",11.82,11.82,"Jan 30, 19"
"Jan 31, 19",11.83,11.83,"Jan 31, 19"
"Feb 01, 19",11.78,11.78,"Feb 01, 19"
"Feb 04, 19",11.84,11.84,"Feb 04, 19"
"Feb 06, 19",11.84,11.84,"Feb 06, 19"
"Feb 07, 19",11.68,11.68,"Feb 07, 19"
"Feb 08, 19",11.69,11.69,"Feb 08, 19"
"Feb 11, 19",11.59,11.59,"Feb 11, 19"
"Feb 12, 19",11.67,11.67,"Feb 12, 19"
"Feb 13, 19",11.70,11.70,"Feb 13, 19"
"Feb 14, 19",11.65,11.65,"Feb 14, 19"
"Feb 15, 19",11.74,11.74,"Feb 15, 19"
"Feb 18, 19",11.70,11.70,"Feb 18, 19"
"Feb 19, 19",11.66,11.66,"Feb 19, 19"
"Feb 20, 19",11.64,11.64,"Feb 20, 19"
"Feb 21, 19",11.65,11.65,"Feb 21, 19"
"Feb 22, 19",11.59,11.59,"Feb 22, 19"
"Feb 25, 19",11.55,11.55,"Feb 25, 19"
"Feb 26, 19",11.50,11.50,"Feb 26, 19"
"Feb 27, 19",11.45,11.45,"Feb 27, 19"
"Feb 28, 19",11.45,11.45,"Feb 28, 19"
"Mar 01, 19",11.50,11.50,"Mar 01, 19"
"Mar 04, 19",11.59,11.59,"Mar 04, 19"
"Mar 05, 19",11.65,11.65,"Mar 05, 19"
"Mar 06, 19",11.70,11.70,"Mar 06, 19"
"Mar 07, 19",11.75,11.75,"Mar 07, 19"
"Mar 08, 19",11.79,11.79,"Mar 08, 19"
"Mar 11, 19",11.74,11.74,"Mar 11, 19"
"Mar 12, 19",11.70,11.70,"Mar 12, 19"
"Mar 13, 19",11.60,11.60,"Mar 13, 19"
"Mar 14, 19",11.70,11.70,"Mar 14, 19"
"Mar 15, 19",11.70,11.70,"Mar 15, 19"
"Mar 18, 19",11.70,11.70,"Mar 18, 19"
"Mar 19, 19",11.75,11.75,"Mar 19, 19"
"Mar 20, 19",11.65,11.65,"Mar 20, 19"
"Mar 21, 19",11.59,11.59,"Mar 21, 19"
"Mar 22, 19",11.66,11.66,"Mar 22, 19"
"Mar 25, 19",11.50,11.50,"Mar 25, 19"
"Mar 26, 19",11.50,11.50,"Mar 26, 19"
"Mar 27, 19",11.69,11.69,"Mar 27, 19"
"Mar 28, 19",11.50,11.50,"Mar 28, 19"
"Mar 29, 19",11.44,11.44,"Mar 29, 19"
"Apr 01, 19",11.55,11.55,"Apr 01, 19"
"Apr 02, 19",11.50,11.50,"Apr 02, 19"
"Apr 03, 19",11.55,11.55,"Apr 03, 19"
"Apr 04, 19",11.42,11.42,"Apr 04, 19"
"Apr 05, 19",11.45,11.45,"Apr 05, 19"
"Apr 08, 19",11.30,11.30,"Apr 08, 19"
"Apr 09, 19",11.28,11.28,"Apr 09, 19"
"Apr 10, 19",11.20,11.20,"Apr 10, 19"
"Apr 11, 19",11.20,11.20,"Apr 11, 19"
"Apr 12, 19",11.20,11.20,"Apr 12, 19"
"Apr 15, 19",11.19,11.19,"Apr 15, 19"
"Apr 16, 19",11.18,11.18,"Apr 16, 19"
"Apr 17, 19",11.22,11.22,"Apr 17, 19"
"Apr 18, 19",11.21,11.21,"Apr 18, 19"
"Apr 19, 19",11.20,11.20,"Apr 19, 19"
"Apr 22, 19",11.36,11.36,"Apr 22, 19"
"Apr 23, 19",11.27,11.27,"Apr 23, 19"
"Apr 24, 19",11.20,11.20,"Apr 24, 19"
"Apr 25, 19",11.25,11.25,"Apr 25, 19"
"Apr 26, 19",11.29,11.29,"Apr 26, 19"
"Apr 29, 19",11.25,11.25,"Apr 29, 19"
"Apr 30, 19",11.35,11.35,"Apr 30, 19"
"May 02, 19",11.55,11.55,"May 02, 19"
"May 03, 19",11.45,11.45,"May 03, 19"
"May 06, 19",11.35,11.35,"May 06, 19"
"May 07, 19",11.50,11.50,"May 07, 19"
"May 08, 19",11.20,11.20,"May 08, 19"
"May 09, 19",11.21,11.21,"May 09, 19"
"May 10, 19",11.15,11.15,"May 10, 19"
"May 13, 19",11.00,11.00,"May 13, 19"
"May 14, 19",10.92,10.92,"May 14, 19"
"May 15, 19",10.90,10.90,"May 15, 19"
"May 16, 19",10.99,10.99,"May 16, 19"
"May 17, 19",10.85,10.85,"May 17, 19"
"May 20, 19",10.76,10.76,"May 20, 19"
"May 21, 19",10.71,10.71,"May 21, 19"
"May 22, 19",10.65,10.65,"May 22, 19"
"May 23, 19",10.96,10.96,"May 23, 19"
"May 24, 19",10.94,10.94,"May 24, 19"
"May 27, 19",10.89,10.89,"May 27, 19"
"May 29, 19",10.88,10.88,"May 29, 19"
"May 30, 19",10.69,10.69,"May 30, 19"
"Jun 03, 19",10.76,10.76,"Jun 03, 19"
"Jun 10, 19",10.55,10.55,"Jun 10, 19"
"Jun 11, 19",10.53,10.53,"Jun 11, 19"
"Jun 12, 19",10.50,10.50,"Jun 12, 19"
"Jun 13, 19",10.32,10.32,"Jun 13, 19"
"Jun 14, 19",10.31,10.31,"Jun 14, 19"
"Jun 17, 19",10.28,10.28,"Jun 17, 19"
"Jun 18, 19",10.37,10.37,"Jun 18, 19"
"Jun 19, 19",10.33,10.33,"Jun 19, 19"
"Jun 20, 19",10.28,10.28,"Jun 20, 19"
"Jun 21, 19",10.25,10.25,"Jun 21, 19"
"Jun 24, 19",10.17,10.17,"Jun 24, 19"
"Jun 25, 19",10.35,10.35,"Jun 25, 19"
"Jun 26, 19",10.20,10.20,"Jun 26, 19"
"Jun 27, 19",10.11,10.11,"Jun 27, 19"
"Jun 28, 19",10.17,10.17,"Jun 28, 19"
"Jul 01, 19",10.13,10.13,"Jul 01, 19"
"Jul 02, 19",10.01,10.01,"Jul 02, 19"
"Jul 03, 19",10.08,10.08,"Jul 03, 19"
"Jul 04, 19",10.02,10.02,"Jul 04, 19"
"Jul 05, 19",10.00,10.00,"Jul 05, 19"
"Jul 08, 19",10.00,10.00,"Jul 08, 19"
"Jul 09, 19",9.99,9.99,"Jul 09, 19"
"Jul 10, 19",10.03,10.03,"Jul 10, 19"
"Jul 11, 19",10.08,10.08,"Jul 11, 19"
"Jul 12, 19",10.05,10.05,"Jul 12, 19"
"Jul 15, 19",9.90,9.90,"Jul 15, 19"
"Jul 16, 19",9.98,9.98,"Jul 16, 19"
"Jul 17, 19",10.00,10.00,"Jul 17, 19"
"Jul 18, 19",9.90,9.90,"Jul 18, 19"
"Jul 19, 19",9.90,9.90,"Jul 19, 19"
"Jul 22, 19",9.81,9.81,"Jul 22, 19"
"Jul 23, 19",9.80,9.80,"Jul 23, 19"
"Jul 24, 19",9.77,9.77,"Jul 24, 19"
"Jul 25, 19",9.85,9.85,"Jul 25, 19"
"Jul 26, 19",9.80,9.80,"Jul 26, 19"
"Jul 29, 19",9.90,9.90,"Jul 29, 19"
"Jul 30, 19",9.98,9.98,"Jul 30, 19"
"Jul 31, 19",10.00,10.00,"Jul 31, 19"
"Aug 01, 19",9.99,9.99,"Aug 01, 19"
"Aug 02, 19",10.00,10.00,"Aug 02, 19"
"Aug 05, 19",9.99,9.99,"Aug 05, 19"
"Aug 06, 19",9.90,9.90,"Aug 06, 19"
"Aug 07, 19",9.98,9.98,"Aug 07, 19"
"Aug 08, 19",9.95,9.95,"Aug 08, 19"
"Aug 09, 19",9.90,9.90,"Aug 09, 19"
"Aug 16, 19",9.71,9.71,"Aug 16, 19"
"Aug 19, 19",9.80,9.80,"Aug 19, 19"
"Aug 20, 19",9.90,9.90,"Aug 20, 19"
"Aug 21, 19",9.90,9.90,"Aug 21, 19"
"Aug 22, 19",9.94,9.94,"Aug 22, 19"
"Aug 23, 19",9.90,9.90,"Aug 23, 19"
"Aug 26, 19",9.98,9.98,"Aug 26, 19"
"Aug 27, 19",9.90,9.90,"Aug 27, 19"
"Aug 28, 19",9.90,9.90,"Aug 28, 19"
"Aug 29, 19",9.88,9.88,"Aug 29, 19"
"Aug 30, 19",9.80,9.80,"Aug 30, 19"
"Sep 02, 19",9.70,9.70,"Sep 02, 19"
"Sep 03, 19",9.74,9.74,"Sep 03, 19"
"Sep 04, 19",9.89,9.89,"Sep 04, 19"
"Sep 05, 19",9.80,9.80,"Sep 05, 19"
"Sep 06, 19",9.81,9.81,"Sep 06, 19"
"Sep 11, 19",9.84,9.84,"Sep 11, 19"
"Sep 12, 19",9.80,9.80,"Sep 12, 19"
"Sep 13, 19",9.80,9.80,"Sep 13, 19"
"Sep 16, 19",9.89,9.89,"Sep 16, 19"
"Sep 17, 19",9.84,9.84,"Sep 17, 19"
"Sep 18, 19",9.90,9.90,"Sep 18, 19"
"Sep 19, 19",9.90,9.90,"Sep 19, 19"
"Sep 20, 19",9.87,9.87,"Sep 20, 19"
"Sep 23, 19",9.81,9.81,"Sep 23, 19"
"Sep 24, 19",9.73,9.73,"Sep 24, 19"
"Sep 25, 19",9.74,9.74,"Sep 25, 19"
"Sep 26, 19",9.99,9.99,"Sep 26, 19"
"Sep 27, 19",10.00,10.00,"Sep 27, 19"
"Sep 30, 19",9.81,9.81,"Sep 30, 19"
"Oct 01, 19",9.89,9.89,"Oct 01, 19"
"Oct 02, 19",9.80,9.80,"Oct 02, 19"
"Oct 03, 19",9.91,9.91,"Oct 03, 19"
"Oct 04, 19",9.91,9.91,"Oct 04, 19"
"Oct 07, 19",10.04,10.04,"Oct 07, 19"
"Oct 08, 19",10.05,10.05,"Oct 08, 19"
"Oct 09, 19",10.10,10.10,"Oct 09, 19"
"Oct 10, 19",10.35,10.35,"Oct 10, 19"
"Oct 11, 19",10.56,10.56,"Oct 11, 19"
"Oct 14, 19",10.72,10.72,"Oct 14, 19"
"Oct 15, 19",10.90,10.90,"Oct 15, 19"
"Oct 16, 19",11.00,11.00,"Oct 16, 19"
"Oct 17, 19",11.00,11.00,"Oct 17, 19"
"Oct 18, 19",11.04,11.04,"Oct 18, 19"
"Oct 21, 19",11.00,11.00,"Oct 21, 19"
"Oct 22, 19",11.06,11.06,"Oct 22, 19"
"Oct 23, 19",11.05,11.05,"Oct 23, 19"
"Oct 24, 19",11.20,11.20,"Oct 24, 19"
"Oct 25, 19",11.12,11.12,"Oct 25, 19"
"Oct 28, 19",11.46,11.46,"Oct 28, 19"
"Oct 29, 19",11.44,11.44,"Oct 29, 19"
"Oct 30, 19",11.24,11.24,"Oct 30, 19"
"Oct 31, 19",11.41,11.41,"Oct 31, 19"
"Nov 01, 19",11.41,11.41,"Nov 01, 19"
"Nov 04, 19",11.61,11.61,"Nov 04, 19"
"Nov 05, 19",11.70,11.70,"Nov 05, 19"
"Nov 06, 19",11.94,11.94,"Nov 06, 19"
"Nov 07, 19",11.99,11.99,"Nov 07, 19"
"Nov 08, 19",11.79,11.79,"Nov 08, 19"
"Nov 11, 19",11.70,11.70,"Nov 11, 19"
"Nov 12, 19",11.51,11.51,"Nov 12, 19"
"Nov 13, 19",11.36,11.36,"Nov 13, 19"
"Nov 14, 19",11.24,11.24,"Nov 14, 19"
"Nov 15, 19",11.21,11.21,"Nov 15, 19"
"Nov 18, 19",11.41,11.41,"Nov 18, 19"
"Nov 19, 19",11.50,11.50,"Nov 19, 19"
"Nov 20, 19",11.50,11.50,"Nov 20, 19"
"Nov 21, 19",11.42,11.42,"Nov 21, 19"
"Nov 22, 19",11.33,11.33,"Nov 22, 19"
"Nov 25, 19",11.50,11.50,"Nov 25, 19"
"Nov 26, 19",11.48,11.48,"Nov 26, 19"
"Nov 27, 19",11.52,11.52,"Nov 27, 19"
"Nov 28, 19",11.60,11.60,"Nov 28, 19"
"Nov 29, 19",11.77,11.77,"Nov 29, 19"
"Dec 02, 19",11.90,11.90,"Dec 02, 19"
"Dec 03, 19",12.00,12.00,"Dec 03, 19"
"Dec 04, 19",12.05,12.05,"Dec 04, 19"
"Dec 05, 19",12.05,12.05,"Dec 05, 19"
"Dec 06, 19",12.00,12.00,"Dec 06, 19"
"Dec 09, 19",12.01,12.01,"Dec 09, 19"
"Dec 10, 19",12.00,12.00,"Dec 10, 19"
"Dec 11, 19",11.95,11.95,"Dec 11, 19"
"Dec 12, 19",12.00,12.00,"Dec 12, 19"
"Dec 13, 19",12.07,12.07,"Dec 13, 19"
"Dec 16, 19",12.15,12.15,"Dec 16, 19"
"Dec 17, 19",12.11,12.11,"Dec 17, 19"
"Dec 18, 19",12.10,12.10,"Dec 18, 19"
"Dec 19, 19",12.10,12.10,"Dec 19, 19"
"Dec 20, 19",12.25,12.25,"Dec 20, 19"
"Dec 23, 19",12.16,12.16,"Dec 23, 19"
"Dec 24, 19",12.11,12.11,"Dec 24, 19"
"Dec 26, 19",12.20,12.20,"Dec 26, 19"
"Dec 27, 19",12.22,12.22,"Dec 27, 19"
"Dec 30, 19",12.32,12.32,"Dec 30, 19"
"Dec 31, 19",12.49,12.49,"Dec 31, 19"
"Jan 01, 20",12.64,12.64,"Jan 01, 20"
"Jan 02, 20",12.70,12.70,"Jan 02, 20"
"Jan 03, 20",12.63,12.63,"Jan 03, 20"
"Jan 06, 20",12.74,12.74,"Jan 06, 20"
"Jan 07, 20",12.70,12.70,"Jan 07, 20"
"Jan 08, 20",12.66,12.66,"Jan 08, 20"
"Jan 09, 20",12.60,12.60,"Jan 09, 20"
"Jan 10, 20",12.65,12.65,"Jan 10, 20"
"Jan 13, 20",12.74,12.74,"Jan 13, 20"
"Jan 14, 20",12.70,12.70,"Jan 14, 20"
"Jan 15, 20",12.85,12.85,"Jan 15, 20"
"Jan 16, 20",12.82,12.82,"Jan 16, 20"
"Jan 17, 20",12.85,12.85,"Jan 17, 20"
"Jan 20, 20",12.75,12.75,"Jan 20, 20"
"Jan 21, 20",12.85,12.85,"Jan 21, 20"
"Jan 22, 20",12.92,12.92,"Jan 22, 20"
"Jan 23, 20",13.00,13.00,"Jan 23, 20"
"Jan 24, 20",12.99,12.99,"Jan 24, 20"
"Jan 27, 20",12.91,12.91,"Jan 27, 20"
"Jan 28, 20",12.99,12.99,"Jan 28, 20"
"Jan 29, 20",12.91,12.91,"Jan 29, 20"
"Jan 30, 20",13.00,13.00,"Jan 30, 20"
"Jan 31, 20",12.62,12.62,"Jan 31, 20"
"Feb 03, 20",12.70,12.70,"Feb 03, 20"
"Feb 04, 20",12.69,12.69,"Feb 04, 20"
"Feb 06, 20",12.70,12.70,"Feb 06, 20"
"Feb 07, 20",12.53,12.53,"Feb 07, 20"
"Feb 10, 20",12.48,12.48,"Feb 10, 20"
"Feb 11, 20",12.45,12.45,"Feb 11, 20"
"Feb 12, 20",12.50,12.50,"Feb 12, 20"
"Feb 13, 20",12.51,12.51,"Feb 13, 20"
"Feb 14, 20",12.52,12.52,"Feb 14, 20"
"Feb 17, 20",12.49,12.49,"Feb 17, 20"
"Feb 18, 20",12.45,12.45,"Feb 18, 20"
"Feb 19, 20",12.44,12.44,"Feb 19, 20"
"Feb 20, 20",12.41,12.41,"Feb 20, 20"
"Feb 21, 20",12.34,12.34,"Feb 21, 20"
"Feb 24, 20",12.45,12.45,"Feb 24, 20"
"Feb 25, 20",12.46,12.46,"Feb 25, 20"
"Feb 26, 20",12.47,12.47,"Feb 26, 20"
"Feb 27, 20",12.49,12.49,"Feb 27, 20"
"Feb 28, 20",12.42,12.42,"Feb 28, 20"
"Mar 02, 20",12.50,12.50,"Mar 02, 20"
"Mar 03, 20",12.66,12.66,"Mar 03, 20"
"Mar 04, 20",12.64,12.64,"Mar 04, 20"
"Mar 05, 20",12.75,12.75,"Mar 05, 20"
"Mar 06, 20",12.65,12.65,"Mar 06, 20"
"Mar 09, 20",12.59,12.59,"Mar 09, 20"
"Mar 10, 20",12.53,12.53,"Mar 10, 20"
"Mar 11, 20",12.41,12.41,"Mar 11, 20"
"Mar 12, 20",12.29,12.29,"Mar 12, 20"
"Mar 13, 20",12.20,12.20,"Mar 13, 20"
"Mar 16, 20",12.00,12.00,"Mar 16, 20"
"Mar 17, 20",11.86,11.86,"Mar 17, 20"
"Mar 18, 20",10.92,10.92,"Mar 18, 20"
"Mar 19, 20",11.11,11.11,"Mar 19, 20"
"Mar 20, 20",11.38,11.38,"Mar 20, 20"
"Mar 24, 20",10.41,10.41,"Mar 24, 20"
"Mar 25, 20",10.54,10.54,"Mar 25, 20"
"Mar 26, 20",10.90,10.90,"Mar 26, 20"
"Mar 27, 20",10.70,10.70,"Mar 27, 20"
"Mar 30, 20",10.39,10.39,"Mar 30, 20"
"Mar 31, 20",10.22,10.22,"Mar 31, 20"
"Apr 01, 20",10.26,10.26,"Apr 01, 20"
"Apr 02, 20",10.41,10.41,"Apr 02, 20"
"Apr 03, 20",10.60,10.60,"Apr 03, 20"
"Apr 06, 20",10.70,10.70,"Apr 06, 20"
"Apr 07, 20",10.60,10.60,"Apr 07, 20"
"Apr 08, 20",10.52,10.52,"Apr 08, 20"
"Apr 09, 20",10.57,10.57,"Apr 09, 20"
"Apr 10, 20",10.58,10.58,"Apr 10, 20"
"Apr 13, 20",10.50,10.50,"Apr 13, 20"
"Apr 14, 20",10.41,10.41,"Apr 14, 20"
"Apr 15, 20",10.30,10.30,"Apr 15, 20"
"Apr 16, 20",10.50,10.50,"Apr 16, 20"
"Apr 17, 20",11.37,11.37,"Apr 17, 20"
"Apr 20, 20",11.19,11.19,"Apr 20, 20"
"Apr 21, 20",11.27,11.27,"Apr 21, 20"
"Apr 22, 20",11.20,11.20,"Apr 22, 20"
"Apr 23, 20",11.25,11.25,"Apr 23, 20"
"Apr 24, 20",11.40,11.40,"Apr 24, 20"
"Apr 27, 20",11.45,11.45,"Apr 27, 20"
"Apr 28, 20",11.49,11.49,"Apr 28, 20"
"Apr 29, 20",11.01,11.01,"Apr 29, 20"
"Apr 30, 20",10.93,10.93,"Apr 30, 20"
"May 04, 20",10.95,10.95,"May 04, 20"
"May 05, 20",11.01,11.01,"May 05, 20"
"May 06, 20",10.95,10.95,"May 06, 20"
"May 07, 20",10.86,10.86,"May 07, 20"
"May 08, 20",10.83,10.83,"May 08, 20"
"May 11, 20",10.85,10.85,"May 11, 20"
"May 12, 20",10.76,10.76,"May 12, 20"
"May 13, 20",10.71,10.71,"May 13, 20"
"May 14, 20",10.59,10.59,"May 14, 20"
"May 15, 20",10.51,10.51,"May 15, 20"
"May 18, 20",10.70,10.70,"May 18, 20"
"May 19, 20",11.05,11.05,"May 19, 20"
"May 20, 20",11.01,11.01,"May 20, 20"
"May 21, 20",10.97,10.97,"May 21, 20"
"May 28, 20",11.00,11.00,"May 28, 20"
"May 29, 20",11.06,11.06,"May 29, 20"
"Jun 01, 20",11.09,11.09,"Jun 01, 20"
"Jun 02, 20",11.11,11.11,"Jun 02, 20"
"Jun 03, 20",11.11,11.11,"Jun 03, 20"
"Jun 04, 20",11.11,11.11,"Jun 04, 20"
"Jun 05, 20",11.13,11.13,"Jun 05, 20"
"Jun 08, 20",11.08,11.08,"Jun 08, 20"
"Jun 09, 20",11.09,11.09,"Jun 09, 20"
"Jun 10, 20",11.13,11.13,"Jun 10, 20"
"Jun 11, 20",11.06,11.06,"Jun 11, 20"
"Jun 12, 20",11.00,11.00,"Jun 12, 20"
"Jun 15, 20",10.76,10.76,"Jun 15, 20"
"Jun 16, 20",10.80,10.80,"Jun 16, 20"
"Jun 17, 20",10.95,10.95,"Jun 17, 20"
"Jun 18, 20",10.80,10.80,"Jun 18, 20"
"Jun 19, 20",10.89,10.89,"Jun 19, 20"
"Jun 22, 20",10.73,10.73,"Jun 22, 20"
"Jun 23, 20",10.83,10.83,"Jun 23, 20"
"Jun 24, 20",10.84,10.84,"Jun 24, 20"
"Jun 25, 20",10.83,10.83,"Jun 25, 20"
"Jun 26, 20",10.85,10.85,"Jun 26, 20"
"Jun 29, 20",11.00,11.00,"Jun 29, 20"
"Jun 30, 20",10.89,10.89,"Jun 30, 20"
"Jul 01, 20",10.83,10.83,"Jul 01, 20"
"Jul 02, 20",10.88,10.88,"Jul 02, 20"
"Jul 03, 20",10.94,10.94,"Jul 03, 20"
"Jul 06, 20",11.10,11.10,"Jul 06, 20"
"Jul 07, 20",11.08,11.08,"Jul 07, 20"
"Jul 08, 20",11.11,11.11,"Jul 08, 20"
"Jul 09, 20",11.09,11.09,"Jul 09, 20"
"Jul 10, 20",11.11,11.11,"Jul 10, 20"
"Jul 13, 20",11.21,11.21,"Jul 13, 20"
"Jul 14, 20",11.15,11.15,"Jul 14, 20"
"Jul 15, 20",11.10,11.10,"Jul 15, 20"
"Jul 16, 20",11.03,11.03,"Jul 16, 20"
"Jul 17, 20",11.00,11.00,"Jul 17, 20"
"Jul 20, 20",11.00,11.00,"Jul 20, 20"
"Jul 21, 20",11.00,11.00,"Jul 21, 20"
"Jul 22, 20",10.98,10.98,"Jul 22, 20"
"Jul 23, 20",11.00,11.00,"Jul 23, 20"
"Jul 24, 20",10.80,10.80,"Jul 24, 20"
"Jul 27, 20",10.87,10.87,"Jul 27, 20"
"Jul 28, 20",10.95,10.95,"Jul 28, 20"
"Jul 29, 20",10.81,10.81,"Jul 29, 20"
"Jul 30, 20",10.89,10.89,"Jul 30, 20"
"Aug 03, 20",10.92,10.92,"Aug 03, 20"
"Aug 04, 20",10.92,10.92,"Aug 04, 20"
"Aug 05, 20",11.00,11.00,"Aug 05, 20"
"Aug 06, 20",10.97,10.97,"Aug 06, 20"
"Aug 07, 20",11.20,11.20,"Aug 07, 20"
"Aug 10, 20",11.20,11.20,"Aug 10, 20"
"Aug 11, 20",11.24,11.24,"Aug 11, 20"
"Aug 12, 20",11.08,11.08,"Aug 12, 20"
"Aug 13, 20",11.40,11.40,"Aug 13, 20"
"Aug 17, 20",11.40,11.40,"Aug 17, 20"
"Aug 18, 20",11.41,11.41,"Aug 18, 20"
"Aug 19, 20",11.22,11.22,"Aug 19, 20"
"Aug 20, 20",11.08,11.08,"Aug 20, 20"
"Aug 21, 20",10.99,10.99,"Aug 21, 20"
"Aug 24, 20",11.00,11.00,"Aug 24, 20"
"Aug 25, 20",10.99,10.99,"Aug 25, 20"
"Aug 26, 20",10.96,10.96,"Aug 26, 20"
"Aug 27, 20",11.11,11.11,"Aug 27, 20"
"Aug 28, 20",10.98,10.98,"Aug 28, 20"
"Aug 31, 20",11.32,11.32,"Aug 31, 20"
"Sep 01, 20",11.22,11.22,"Sep 01, 20"
"Sep 02, 20",11.18,11.18,"Sep 02, 20"
"Sep 03, 20",11.31,11.31,"Sep 03, 20"
"Sep 04, 20",11.25,11.25,"Sep 04, 20"
"Sep 07, 20",11.24,11.24,"Sep 07, 20"
"Sep 08, 20",11.12,11.12,"Sep 08, 20"
"Sep 09, 20",11.10,11.10,"Sep 09, 20"
"Sep 10, 20",11.07,11.07,"Sep 10, 20"
"Sep 11, 20",11.08,11.08,"Sep 11, 20"
"Sep 14, 20",11.01,11.01,"Sep 14, 20"
"Sep 15, 20",11.00,11.00,"Sep 15, 20"
"Sep 16, 20",11.00,11.00,"Sep 16, 20"
"Sep 17, 20",10.97,10.97,"Sep 17, 20"
"Sep 18, 20",11.00,11.00,"Sep 18, 20"
"Sep 21, 20",10.94,10.94,"Sep 21, 20"
"Sep 22, 20",11.06,11.06,"Sep 22, 20"
"Sep 23, 20",11.03,11.03,"Sep 23, 20"
"Sep 24, 20",11.03,11.03,"Sep 24, 20"
"Sep 25, 20",11.02,11.02,"Sep 25, 20"
"Sep 28, 20",10.89,10.89,"Sep 28, 20"
"Sep 29, 20",10.96,10.96,"Sep 29, 20"
"Sep 30, 20",10.80,10.80,"Sep 30, 20"
"Oct 01, 20",10.88,10.88,"Oct 01, 20"
"Oct 02, 20",10.93,10.93,"Oct 02, 20"
"Oct 05, 20",10.79,10.79,"Oct 05, 20"
"Oct 06, 20",10.88,10.88,"Oct 06, 20"
"Oct 07, 20",10.94,10.94,"Oct 07, 20"
"Oct 08, 20",10.92,10.92,"Oct 08, 20"
"Oct 09, 20",10.97,10.97,"Oct 09, 20"
"Oct 12, 20",10.85,10.85,"Oct 12, 20"
"Oct 13, 20",10.90,10.90,"Oct 13, 20"
"Oct 14, 20",11.00,11.00,"Oct 14, 20"
"Oct 15, 20",11.00,11.00,"Oct 15, 20"
"Oct 16, 20",10.96,10.96,"Oct 16, 20"
"Oct 19, 20",11.03,11.03,"Oct 19, 20"
"Oct 20, 20",11.08,11.08,"Oct 20, 20"
"Oct 21, 20",11.07,11.07,"Oct 21, 20"
"Oct 22, 20",11.07,11.07,"Oct 22, 20"
"Oct 23, 20",10.99,10.99,"Oct 23, 20"
"Oct 26, 20",10.99,10.99,"Oct 26, 20"
"Oct 27, 20",10.95,10.95,"Oct 27, 20"
"Oct 28, 20",10.90,10.90,"Oct 28, 20"
"Oct 29, 20",10.68,10.68,"Oct 29, 20"
"Nov 02, 20",10.64,10.64,"Nov 02, 20"
"Nov 03, 20",10.78,10.78,"Nov 03, 20"
"Nov 04, 20",10.73,10.73,"Nov 04, 20"
"Nov 05, 20",10.93,10.93,"Nov 05, 20"
"Nov 06, 20",10.89,10.89,"Nov 06, 20"
"Nov 09, 20",10.90,10.90,"Nov 09, 20"
"Nov 10, 20",10.73,10.73,"Nov 10, 20"
"Nov 11, 20",10.71,10.71,"Nov 11, 20"
"Nov 12, 20",10.71,10.71,"Nov 12, 20"
"Nov 13, 20",10.61,10.61,"Nov 13, 20"
"Nov 16, 20",10.61,10.61,"Nov 16, 20"
"Nov 17, 20",10.51,10.51,"Nov 17, 20"
"Nov 18, 20",10.47,10.47,"Nov 18, 20"
"Nov 19, 20",10.55,10.55,"Nov 19, 20"
"Nov 20, 20",10.51,10.51,"Nov 20, 20"
"Nov 23, 20",10.48,10.48,"Nov 23, 20"
"Nov 24, 20",10.44,10.44,"Nov 24, 20"
"Nov 25, 20",10.34,10.34,"Nov 25, 20"
"Nov 26, 20",10.40,10.40,"Nov 26, 20"
"Nov 27, 20",10.50,10.50,"Nov 27, 20"
"Nov 30, 20",10.60,10.60,"Nov 30, 20"
"Dec 01, 20",10.60,10.60,"Dec 01, 20"
"Dec 02, 20",10.75,10.75,"Dec 02, 20"
"Dec 03, 20",10.69,10.69,"Dec 03, 20"
"Dec 04, 20",10.70,10.70,"Dec 04, 20"
"Dec 07, 20",10.69,10.69,"Dec 07, 20"
"Dec 08, 20",10.70,10.70,"Dec 08, 20"
"Dec 09, 20",10.70,10.70,"Dec 09, 20"
"Dec 10, 20",10.70,10.70,"Dec 10, 20"
"Dec 11, 20",10.71,10.71,"Dec 11, 20"
"Dec 14, 20",10.75,10.75,"Dec 14, 20"
"Dec 15, 20",10.73,10.73,"Dec 15, 20"
"Dec 16, 20",10.78,10.78,"Dec 16, 20"
"Dec 17, 20",10.82,10.82,"Dec 17, 20"
"Dec 18, 20",10.78,10.78,"Dec 18, 20"
"Dec 21, 20",10.78,10.78,"Dec 21, 20"
"Dec 22, 20",10.72,10.72,"Dec 22, 20"
"Dec 23, 20",10.76,10.76,"Dec 23, 20"
"Dec 24, 20",10.66,10.66,"Dec 24, 20"
"Dec 28, 20",10.74,10.74,"Dec 28, 20"
"Dec 29, 20",10.69,10.69,"Dec 29, 20"
"Dec 30, 20",10.70,10.70,"Dec 30, 20"
"Dec 31, 20",10.60,10.60,"Dec 31, 20"
"Jan 01, 21",10.62,10.62,"Jan 01, 21"
"Jan 04, 21",10.50,10.50,"Jan 04, 21"
"Jan 05, 21",10.85,10.85,"Jan 05, 21"
"Jan 06, 21",10.68,10.68,"Jan 06, 21"
"Jan 07, 21",10.80,10.80,"Jan 07, 21"
"Jan 08, 21",10.71,10.71,"Jan 08, 21"
"Jan 11, 21",10.71,10.71,"Jan 11, 21"
"Jan 12, 21",10.71,10.71,"Jan 12, 21"
"Jan 13, 21",10.70,10.70,"Jan 13, 21"
"Jan 14, 21",10.53,10.53,"Jan 14, 21"
"Jan 15, 21",10.51,10.51,"Jan 15, 21"
"Jan 18, 21",10.50,10.50,"Jan 18, 21"
"Jan 19, 21",10.50,10.50,"Jan 19, 21"
"Jan 20, 21",10.39,10.39,"Jan 20, 21"
"Jan 21, 21",10.40,10.40,"Jan 21, 21"
"Jan 22, 21",10.40,10.40,"Jan 22, 21"
"Jan 25, 21",10.39,10.39,"Jan 25, 21"
"Jan 26, 21",10.37,10.37,"Jan 26, 21"
"Jan 27, 21",10.53,10.53,"Jan 27, 21"
"Jan 28, 21",10.46,10.46,"Jan 28, 21"
"Jan 29, 21",10.43,10.43,"Jan 29, 21"
"Feb 01, 21",10.40,10.40,"Feb 01, 21"
"Feb 02, 21",10.68,10.68,"Feb 02, 21"
"Feb 03, 21",10.47,10.47,"Feb 03, 21"
"Feb 04, 21",10.39,10.39,"Feb 04, 21"
"Feb 08, 21",10.40,10.40,"Feb 08, 21"
"Feb 09, 21",10.67,10.67,"Feb 09, 21"
"Feb 10, 21",10.36,10.36,"Feb 10, 21"
"Feb 11, 21",10.31,10.31,"Feb 11, 21"
"Feb 12, 21",10.26,10.26,"Feb 12, 21"
"Feb 15, 21",10.22,10.22,"Feb 15, 21"
"Feb 16, 21",10.20,10.20,"Feb 16, 21"
"Feb 17, 21",10.14,10.14,"Feb 17, 21"
"Feb 18, 21",10.03,10.03,"Feb 18, 21"
"Feb 19, 21",10.02,10.02,"Feb 19, 21"
"Feb 22, 21",10.12,10.12,"Feb 22, 21"
"Feb 23, 21",10.00,10.00,"Feb 23, 21"
"Feb 24, 21",9.99,9.99,"Feb 24, 21"
"Feb 25, 21",9.99,9.99,"Feb 25, 21"
"Feb 26, 21",10.51,10.51,"Feb 26, 21"
"Mar 01, 21",10.10,10.10,"Mar 01, 21"
"Mar 02, 21",10.08,10.08,"Mar 02, 21"
"Mar 03, 21",10.07,10.07,"Mar 03, 21"
"Mar 04, 21",9.98,9.98,"Mar 04, 21"
"Mar 05, 21",9.98,9.98,"Mar 05, 21"
"Mar 08, 21",9.96,9.96,"Mar 08, 21"
"Mar 09, 21",9.82,9.82,"Mar 09, 21"
"Mar 10, 21",9.53,9.53,"Mar 10, 21"
"Mar 11, 21",9.55,9.55,"Mar 11, 21"
"Mar 12, 21",9.88,9.88,"Mar 12, 21"
"Mar 15, 21",9.89,9.89,"Mar 15, 21"
"Mar 16, 21",9.87,9.87,"Mar 16, 21"
"Mar 17, 21",9.92,9.92,"Mar 17, 21"
"Mar 18, 21",9.85,9.85,"Mar 18, 21"
"Mar 19, 21",9.68,9.68,"Mar 19, 21"
"Mar 22, 21",9.65,9.65,"Mar 22, 21"
"Mar 24, 21",9.93,9.93,"Mar 24, 21"
"Mar 25, 21",9.82,9.82,"Mar 25, 21"
"Mar 26, 21",9.61,9.61,"Mar 26, 21"
"Mar 29, 21",9.76,9.76,"Mar 29, 21"
"Mar 30, 21",10.07,10.07,"Mar 30, 21"
"Mar 31, 21",10.04,10.04,"Mar 31, 21"
"Apr 01, 21",9.86,9.86,"Apr 01, 21"
"Apr 02, 21",10.00,10.00,"Apr 02, 21"
"Apr 05, 21",10.00,10.00,"Apr 05, 21"
"Apr 06, 21",10.00,10.00,"Apr 06, 21"
"Apr 07, 21",10.00,10.00,"Apr 07, 21"
"Apr 08, 21",10.00,10.00,"Apr 08, 21"
"Apr 09, 21",10.00,10.00,"Apr 09, 21"
"Apr 12, 21",10.25,10.25,"Apr 12, 21"
"Apr 13, 21",10.30,10.30,"Apr 13, 21"
"Apr 14, 21",10.27,10.27,"Apr 14, 21"
"Apr 15, 21",10.25,10.25,"Apr 15, 21"
"Apr 16, 21",10.29,10.29,"Apr 16, 21"
"Apr 19, 21",10.36,10.36,"Apr 19, 21"
"Apr 20, 21",10.57,10.57,"Apr 20, 21"
"Apr 21, 21",10.50,10.50,"Apr 21, 21"
"Apr 22, 21",10.50,10.50,"Apr 22, 21"
"Apr 23, 21",10.51,10.51,"Apr 23, 21"
"Apr 26, 21",10.72,10.72,"Apr 26, 21"
"Apr 27, 21",10.58,10.58,"Apr 27, 21"
"Apr 28, 21",10.75,10.75,"Apr 28, 21"
"Apr 29, 21",10.50,10.50,"Apr 29, 21"
"Apr 30, 21",10.50,10.50,"Apr 30, 21"
"May 03, 21",10.52,10.52,"May 03, 21"
"May 04, 21",10.50,10.50,"May 04, 21"
"May 05, 21",10.51,10.51,"May 05, 21"
"May 06, 21",10.50,10.50,"May 06, 21"
"May 17, 21",10.55,10.55,"May 17, 21"
"May 18, 21",10.57,10.57,"May 18, 21"
"May 19, 21",10.53,10.53,"May 19, 21"
"May 20, 21",10.51,10.51,"May 20, 21"
"May 21, 21",10.55,10.55,"May 21, 21"
"May 24, 21",10.60,10.60,"May 24, 21"
"May 25, 21",10.71,10.71,"May 25, 21"
"May 26, 21",10.76,10.76,"May 26, 21"
"May 27, 21",10.74,10.74,"May 27, 21"
"May 28, 21",10.75,10.75,"May 28, 21"
"May 31, 21",10.80,10.80,"May 31, 21"
"Jun 01, 21",10.75,10.75,"Jun 01, 21"
"Jun 02, 21",10.76,10.76,"Jun 02, 21"
"Jun 03, 21",10.77,10.77,"Jun 03, 21"
"Jun 04, 21",10.64,10.64,"Jun 04, 21"
"Jun 07, 21",10.72,10.72,"Jun 07, 21"
"Jun 08, 21",10.67,10.67,"Jun 08, 21"
"Jun 09, 21",10.96,10.96,"Jun 09, 21"
"Jun 10, 21",11.16,11.16,"Jun 10, 21"
"Jun 11, 21",11.21,11.21,"Jun 11, 21"
"Jun 14, 21",10.96,10.96,"Jun 14, 21"
"Jun 15, 21",10.78,10.78,"Jun 15, 21"
"Jun 16, 21",10.90,10.90,"Jun 16, 21"
"Jun 17, 21",10.99,10.99,"Jun 17, 21"
"Jun 18, 21",10.91,10.91,"Jun 18, 21"
"Jun 21, 21",10.79,10.79,"Jun 21, 21"
"Jun 22, 21",11.22,11.22,"Jun 22, 21"
"Jun 23, 21",10.99,10.99,"Jun 23, 21"
"Jun 24, 21",10.99,10.99,"Jun 24, 21"
"Jun 25, 21",11.03,11.03,"Jun 25, 21"
"Jun 28, 21",11.03,11.03,"Jun 28, 21"
"Jun 29, 21",11.03,11.03,"Jun 29, 21"
"Jun 30, 21",11.02,11.02,"Jun 30, 21"
"Jul 01, 21",11.66,11.66,"Jul 01, 21"
"Jul 02, 21",11.48,11.48,"Jul 02, 21"
"Jul 05, 21",11.31,11.31,"Jul 05, 21"
"Jul 06, 21",11.31,11.31,"Jul 06, 21"
"Jul 07, 21",11.29,11.29,"Jul 07, 21"
"Jul 08, 21",11.78,11.78,"Jul 08, 21"
"Jul 09, 21",11.42,11.42,"Jul 09, 21"
"Jul 12, 21",11.42,11.42,"Jul 12, 21"
"Jul 13, 21",11.59,11.59,"Jul 13, 21"
"Jul 14, 21",11.50,11.50,"Jul 14, 21"
"Jul 15, 21",11.63,11.63,"Jul 15, 21"
"Jul 16, 21",11.62,11.62,"Jul 16, 21"
"Jul 19, 21",11.56,11.56,"Jul 19, 21"
"Jul 23, 21",11.83,11.83,"Jul 23, 21"
"Jul 26, 21",11.90,11.90,"Jul 26, 21"
"Jul 27, 21",11.77,11.77,"Jul 27, 21"
"Jul 28, 21",11.79,11.79,"Jul 28, 21"
"Jul 29, 21",11.76,11.76,"Jul 29, 21"
"Jul 30, 21",11.81,11.81,"Jul 30, 21"
"Aug 02, 21",11.59,11.59,"Aug 02, 21"
"Aug 03, 21",11.48,11.48,"Aug 03, 21"
"Aug 04, 21",11.55,11.55,"Aug 04, 21"
"Aug 05, 21",11.38,11.38,"Aug 05, 21"
"Aug 06, 21",11.50,11.50,"Aug 06, 21"
"Aug 09, 21",11.37,11.37,"Aug 09, 21"
"Aug 10, 21",11.50,11.50,"Aug 10, 21"
"Aug 11, 21",11.51,11.51,"Aug 11, 21"
"Aug 12, 21",11.56,11.56,"Aug 12, 21"
"Aug 13, 21",11.52,11.52,"Aug 13, 21"
"Aug 16, 21",11.60,11.60,"Aug 16, 21"
"Aug 17, 21",11.49,11.49,"Aug 17, 21"
"Aug 20, 21",11.60,11.60,"Aug 20, 21"
"Aug 23, 21",11.60,11.60,"Aug 23, 21"
"Aug 24, 21",11.55,11.55,"Aug 24, 21"
"Aug 25, 21",11.53,11.53,"Aug 25, 21"
"Aug 26, 21",11.54,11.54,"Aug 26, 21"
"Aug 27, 21",12.04,12.04,"Aug 27, 21"
"Aug 30, 21",12.00,12.00,"Aug 30, 21"
"Aug 31, 21",11.90,11.90,"Aug 31, 21"
"Sep 01, 21",11.86,11.86,"Sep 01, 21"
"Sep 02, 21",11.75,11.75,"Sep 02, 21"
"Sep 03, 21",11.64,11.64,"Sep 03, 21"
"Sep 06, 21",11.54,11.54,"Sep 06, 21"
"Sep 07, 21",11.60,11.60,"Sep 07, 21"
"Sep 08, 21",11.52,11.52,"Sep 08, 21"
"Sep 09, 21",11.60,11.60,"Sep 09, 21"
"Sep 10, 21",11.52,11.52,"Sep 10, 21"
"Sep 13, 21",11.50,11.50,"Sep 13, 21"
"Sep 14, 21",11.96,11.96,"Sep 14, 21"
"Sep 15, 21",11.53,11.53,"Sep 15, 21"
"Sep 16, 21",11.56,11.56,"Sep 16, 21"
"Sep 17, 21",11.56,11.56,"Sep 17, 21"
"Sep 20, 21",11.68,11.68,"Sep 20, 21"
"Sep 21, 21",11.67,11.67,"Sep 21, 21"
"Sep 22, 21",11.55,11.55,"Sep 22, 21"
"Sep 23, 21",11.60,11.60,"Sep 23, 21"
"Sep 24, 21",11.70,11.70,"Sep 24, 21"
"Sep 27, 21",11.75,11.75,"Sep 27, 21"
"Sep 28, 21",12.22,12.22,"Sep 28, 21"
"Sep 29, 21",12.04,12.04,"Sep 29, 21"
"Sep 30, 21",11.72,11.72,"Sep 30, 21"
"Oct 01, 21",11.55,11.55,"Oct 01, 21"
"Oct 04, 21",11.60,11.60,"Oct 04, 21"
"Oct 05, 21",11.59,11.59,"Oct 05, 21"
"Oct 06, 21",11.66,11.66,"Oct 06, 21"
"Oct 07, 21",11.70,11.70,"Oct 07, 21"
"Oct 13, 21",11.58,11.58,"Oct 13, 21"
"Oct 14, 21",11.50,11.50,"Oct 14, 21"
"Oct 15, 21",11.61,11.61,"Oct 15, 21"
"Oct 18, 21",11.61,11.61,"Oct 18, 21"
"Oct 20, 21",11.60,11.60,"Oct 20, 21"
"Oct 21, 21",11.64,11.64,"Oct 21, 21"
"Oct 22, 21",11.80,11.80,"Oct 22, 21"
"Oct 25, 21",11.80,11.80,"Oct 25, 21"
"Oct 26, 21",11.80,11.80,"Oct 26, 21"
"Oct 27, 21",11.90,11.90,"Oct 27, 21"
"Oct 28, 21",11.70,11.70,"Oct 28, 21"
"Oct 29, 21",11.65,11.65,"Oct 29, 21"
"Nov 01, 21",11.80,11.80,"Nov 01, 21"
"Nov 02, 21",11.66,11.66,"Nov 02, 21"
"Nov 03, 21",11.66,11.66,"Nov 03, 21"
"Nov 04, 21",11.77,11.77,"Nov 04, 21"
"Nov 05, 21",11.69,11.69,"Nov 05, 21"
"Nov 08, 21",11.74,11.74,"Nov 08, 21"
"Nov 09, 21",11.69,11.69,"Nov 09, 21"
"Nov 10, 21",11.65,11.65,"Nov 10, 21"
"Nov 11, 21",11.65,11.65,"Nov 11, 21"
"Nov 12, 21",11.64,11.64,"Nov 12, 21"
"Nov 15, 21",11.65,11.65,"Nov 15, 21"
"Nov 16, 21",11.71,11.71,"Nov 16, 21"
"Nov 17, 21",11.66,11.66,"Nov 17, 21"
"Nov 18, 21",11.73,11.73,"Nov 18, 21"
"Nov 19, 21",11.71,11.71,"Nov 19, 21"
"Nov 22, 21",11.65,11.65,"Nov 22, 21"
"Nov 23, 21",11.65,11.65,"Nov 23, 21"
"Nov 24, 21",11.58,11.58,"Nov 24, 21"
"Nov 25, 21",11.70,11.70,"Nov 25, 21"
"Nov 26, 21",11.84,11.84,"Nov 26, 21"
"Nov 29, 21",12.00,12.00,"Nov 29, 21"
"Nov 30, 21",11.98,11.98,"Nov 30, 21"
"Dec 01, 21",12.00,12.00,"Dec 01, 21"
"Dec 02, 21",11.50,11.50,"Dec 02, 21"
"Dec 03, 21",12.19,12.19,"Dec 03, 21"
"Dec 06, 21",11.92,11.92,"Dec 06, 21"
"Dec 07, 21",12.00,12.00,"Dec 07, 21"
"Dec 08, 21",12.09,12.09,"Dec 08, 21"
"Dec 09, 21",12.00,12.00,"Dec 09, 21"
"Dec 10, 21",11.99,11.99,"Dec 10, 21"
"Dec 13, 21",11.99,11.99,"Dec 13, 21"
"Dec 14, 21",12.01,12.01,"Dec 14, 21"
"Dec 15, 21",12.01,12.01,"Dec 15, 21"
"Dec 16, 21",12.10,12.10,"Dec 16, 21"
"Dec 17, 21",12.15,12.15,"Dec 17, 21"
"Dec 20, 21",12.18,12.18,"Dec 20, 21"
"Dec 21, 21",12.01,12.01,"Dec 21, 21"
"Dec 22, 21",12.10,12.10,"Dec 22, 21"
"Dec 23, 21",12.10,12.10,"Dec 23, 21"
"Dec 24, 21",12.11,12.11,"Dec 24, 21"
"Dec 27, 21",12.25,12.25,"Dec 27, 21"
"Dec 28, 21",12.25,12.25,"Dec 28, 21"
"Dec 29, 21",12.31,12.31,"Dec 29, 21"
"Dec 30, 21",12.10,12.10,"Dec 30, 21"
"Dec 31, 21",12.16,12.16,"Dec 31, 21"
"Jan 03, 22",12.30,12.30,"Jan 03, 22"
"Jan 04, 22",12.26,12.26,"Jan 04, 22"
"Jan 05, 22",12.35,12.35,"Jan 05, 22"
"Jan 06, 22",12.30,12.30,"Jan 06, 22"
"Jan 07, 22",12.25,12.25,"Jan 07, 22"
"Jan 10, 22",12.41,12.41,"Jan 10, 22"
"Jan 11, 22",12.45,12.45,"Jan 11, 22"
"Jan 12, 22",12.45,12.45,"Jan 12, 22"
"Jan 13, 22",12.48,12.48,"Jan 13, 22"
"Jan 14, 22",12.50,12.50,"Jan 14, 22"
"Jan 17, 22",12.55,12.55,"Jan 17, 22"
"Jan 18, 22",12.55,12.55,"Jan 18, 22"
"Jan 19, 22",12.60,12.60,"Jan 19, 22"
"Jan 20, 22",12.68,12.68,"Jan 20, 22"
"Jan 21, 22",13.00,13.00,"Jan 21, 22"
"Jan 24, 22",13.10,13.10,"Jan 24, 22"
"Jan 25, 22",12.99,12.99,"Jan 25, 22"
"Jan 26, 22",12.94,12.94,"Jan 26, 22"
"Jan 27, 22",12.99,12.99,"Jan 27, 22"
"Jan 28, 22",13.05,13.05,"Jan 28, 22"
"Jan 31, 22",13.00,13.00,"Jan 31, 22"
"Feb 01, 22",13.10,13.10,"Feb 01, 22"
"Feb 02, 22",13.00,13.00,"Feb 02, 22"
"Feb 03, 22",12.99,12.99,"Feb 03, 22"
"Feb 04, 22",13.00,13.00,"Feb 04, 22"
"Feb 07, 22",12.99,12.99,"Feb 07, 22"
"Feb 08, 22",12.96,12.96,"Feb 08, 22"
"Feb 09, 22",12.95,12.95,"Feb 09, 22"
"Feb 10, 22",12.86,12.86,"Feb 10, 22"
"Feb 11, 22",12.99,12.99,"Feb 11, 22"
"Feb 14, 22",12.96,12.96,"Feb 14, 22"
"Feb 15, 22",12.99,12.99,"Feb 15, 22"
"Feb 16, 22",12.95,12.95,"Feb 16, 22"
"Feb 17, 22",13.04,13.04,"Feb 17, 22"
"Feb 18, 22",13.25,13.25,"Feb 18, 22"
"Feb 21, 22",13.88,13.88,"Feb 21, 22"
"Feb 22, 22",13.84,13.84,"Feb 22, 22"
"Feb 23, 22",14.50,14.50,"Feb 23, 22"
"Feb 24, 22",14.34,14.34,"Feb 24, 22"
"Feb 25, 22",14.10,14.10,"Feb 25, 22"
"Feb 28, 22",13.61,13.61,"Feb 28, 22"
"Mar 01, 22",13.82,13.82,"Mar 01, 22"
"Mar 02, 22",13.72,13.72,"Mar 02, 22"
"Mar 03, 22",14.05,14.05,"Mar 03, 22"
"Mar 04, 22",13.96,13.96,"Mar 04, 22"
"Mar 07, 22",14.34,14.34,"Mar 07, 22"
"Mar 08, 22",14.03,14.03,"Mar 08, 22"
"Mar 09, 22",13.91,13.91,"Mar 09, 22"
"Mar 10, 22",14.10,14.10,"Mar 10, 22"
"Mar 11, 22",14.09,14.09,"Mar 11, 22"
"Mar 14, 22",14.00,14.00,"Mar 14, 22"
"Mar 15, 22",14.00,14.00,"Mar 15, 22"
"Mar 16, 22",14.00,14.00,"Mar 16, 22"
"Mar 17, 22",14.00,14.00,"Mar 17, 22"
"Mar 18, 22",14.25,14.25,"Mar 18, 22"
"Mar 21, 22",14.30,14.30,"Mar 21, 22"
"Mar 22, 22",14.50,14.50,"Mar 22, 22"
"Mar 24, 22",14.50,14.50,"Mar 24, 22"
"Mar 25, 22",14.20,14.20,"Mar 25, 22"
"Mar 28, 22",14.50,14.50,"Mar 28, 22"
"Mar 29, 22",14.45,14.45,"Mar 29, 22"
"Mar 30, 22",14.74,14.74,"Mar 30, 22"
"Mar 31, 22",14.90,14.90,"Mar 31, 22"
"Apr 01, 22",15.19,15.19,"Apr 01, 22"
"Apr 04, 22",15.00,15.00,"Apr 04, 22"
"Apr 05, 22",15.05,15.05,"Apr 05, 22"
"Apr 06, 22",15.24,15.24,"Apr 06, 22"
"Apr 07, 22",15.21,15.21,"Apr 07, 22"
"Apr 08, 22",15.19,15.19,"Apr 08, 22"
"Apr 11, 22",15.10,15.10,"Apr 11, 22"
"Apr 12, 22",15.00,15.00,"Apr 12, 22"
"Apr 13, 22",14.90,14.90,"Apr 13, 22"
"Apr 14, 22",14.92,14.92,"Apr 14, 22"
"Apr 15, 22",14.96,14.96,"Apr 15, 22"
"Apr 18, 22",15.08,15.08,"Apr 18, 22"
"Apr 19, 22",14.99,14.99,"Apr 19, 22"
"Apr 20, 22",15.00,15.00,"Apr 20, 22"
"Apr 21, 22",14.86,14.86,"Apr 21, 22"
"Apr 22, 22",15.10,15.10,"Apr 22, 22"
"Apr 25, 22",15.00,15.00,"Apr 25, 22"
"Apr 26, 22",14.91,14.91,"Apr 26, 22"
"Apr 27, 22",14.87,14.87,"Apr 27, 22"
"Apr 28, 22",14.80,14.80,"Apr 28, 22"
"May 06, 22",14.85,14.85,"May 06, 22"
"May 09, 22",14.70,14.70,"May 09, 22"
"May 10, 22",14.65,14.65,"May 10, 22"
"May 11, 22",14.26,14.26,"May 11, 22"
"May 12, 22",14.50,14.50,"May 12, 22"
"May 13, 22",14.60,14.60,"May 13, 22"
"May 16, 22",14.50,14.50,"May 16, 22"
"May 17, 22",14.26,14.26,"May 17, 22"
"May 18, 22",14.25,14.25,"May 18, 22"
"May 19, 22",14.41,14.41,"May 19, 22"
"May 20, 22",14.60,14.60,"May 20, 22"
"May 23, 22",14.60,14.60,"May 23, 22"
"May 24, 22",14.40,14.40,"May 24, 22"
"May 25, 22",14.35,14.35,"May 25, 22"
"May 26, 22",14.45,14.45,"May 26, 22"
"May 27, 22",14.50,14.50,"May 27, 22"
"May 30, 22",14.48,14.48,"May 30, 22"
"May 31, 22",14.45,14.45,"May 31, 22"
"Jun 01, 22",14.47,14.47,"Jun 01, 22"
"Jun 02, 22",14.14,14.14,"Jun 02, 22"
"Jun 03, 22",13.92,13.92,"Jun 03, 22"
"Jun 06, 22",13.74,13.74,"Jun 06, 22"
"Jun 07, 22",13.55,13.55,"Jun 07, 22"
"Jun 08, 22",13.60,13.60,"Jun 08, 22"
"Jun 09, 22",13.71,13.71,"Jun 09, 22"
"Jun 10, 22",13.70,13.70,"Jun 10, 22"
"Jun 13, 22",13.69,13.69,"Jun 13, 22"
"Jun 14, 22",13.68,13.68,"Jun 14, 22"
"Jun 15, 22",13.79,13.79,"Jun 15, 22"
"Jun 16, 22",13.85,13.85,"Jun 16, 22"
"Jun 17, 22",13.75,13.75,"Jun 17, 22"
"Jun 20, 22",13.72,13.72,"Jun 20, 22"
"Jun 21, 22",13.68,13.68,"Jun 21, 22"
"Jun 22, 22",13.82,13.82,"Jun 22, 22"
"Jun 23, 22",13.90,13.90,"Jun 23, 22"
"Jun 24, 22",13.58,13.58,"Jun 24, 22"
"Jun 27, 22",13.60,13.60,"Jun 27, 22"
"Jun 28, 22",13.42,13.42,"Jun 28, 22"
"Jun 29, 22",13.55,13.55,"Jun 29, 22"
"Jun 30, 22",13.52,13.52,"Jun 30, 22"
"Jul 01, 22",13.70,13.70,"Jul 01, 22"
"Jul 04, 22",13.37,13.37,"Jul 04, 22"
"Jul 05, 22",13.37,13.37,"Jul 05, 22"
"Jul 06, 22",13.70,13.70,"Jul 06, 22"
"Jul 07, 22",13.90,13.90,"Jul 07, 22"
"Jul 13, 22",14.42,14.42,"Jul 13, 22"
"Jul 14, 22",14.40,14.40,"Jul 14, 22"
"Jul 15, 22",14.30,14.30,"Jul 15, 22"
"Jul 18, 22",14.30,14.30,"Jul 18, 22"
"Jul 19, 22",13.90,13.90,"Jul 19, 22"
"Jul 20, 22",14.20,14.20,"Jul 20, 22"
"Jul 21, 22",13.77,13.77,"Jul 21, 22"
"Jul 22, 22",13.90,13.90,"Jul 22, 22"
"Jul 25, 22",13.90,13.90,"Jul 25, 22"
"Jul 26, 22",13.92,13.92,"Jul 26, 22"
"Jul 27, 22",13.90,13.90,"Jul 27, 22"
"Jul 28, 22",13.90,13.90,"Jul 28, 22"
"Jul 29, 22",13.95,13.95,"Jul 29, 22"
"Aug 01, 22",13.90,13.90,"Aug 01, 22"
"Aug 02, 22",13.90,13.90,"Aug 02, 22"
"Aug 03, 22",13.93,13.93,"Aug 03, 22"
"Aug 04, 22",13.95,13.95,"Aug 04, 22"
"Aug 05, 22",13.81,13.81,"Aug 05, 22"
"Aug 10, 22",13.99,13.99,"Aug 10, 22"
"Aug 11, 22",13.95,13.95,"Aug 11, 22"
"Aug 12, 22",13.91,13.91,"Aug 12, 22"
"Aug 15, 22",13.95,13.95,"Aug 15, 22"
"Aug 16, 22",13.91,13.91,"Aug 16, 22"
"Aug 17, 22",13.85,13.85,"Aug 17, 22"
"Aug 18, 22",13.81,13.81,"Aug 18, 22"
"Aug 19, 22",13.95,13.95,"Aug 19, 22"
"Aug 22, 22",13.93,13.93,"Aug 22, 22"
"Aug 24, 22",14.00,14.00,"Aug 24, 22"
"Aug 25, 22",13.95,13.95,"Aug 25, 22"
"Aug 26, 22",13.90,13.90,"Aug 26, 22"
"Aug 29, 22",13.91,13.91,"Aug 29, 22"
"Aug 30, 22",13.83,13.83,"Aug 30, 22"
"Aug 31, 22",13.99,13.99,"Aug 31, 22"
"Sep 01, 22",14.06,14.06,"Sep 01, 22"
"Sep 02, 22",14.00,14.00,"Sep 02, 22"
"Sep 05, 22",14.05,14.05,"Sep 05, 22"
"Sep 06, 22",14.01,14.01,"Sep 06, 22"
"Sep 07, 22",14.00,14.00,"Sep 07, 22"
"Sep 08, 22",13.93,13.93,"Sep 08, 22"
"Sep 09, 22",14.00,14.00,"Sep 09, 22"
"Sep 12, 22",14.05,14.05,"Sep 12, 22"
"Sep 13, 22",14.00,14.00,"Sep 13, 22"
"Sep 14, 22",14.00,14.00,"Sep 14, 22"
"Sep 15, 22",13.75,13.75,"Sep 15, 22"
"Sep 16, 22",13.99,13.99,"Sep 16, 22"
"Sep 19, 22",13.85,13.85,"Sep 19, 22"
"Sep 20, 22",13.94,13.94,"Sep 20, 22"
"Sep 21, 22",13.99,13.99,"Sep 21, 22"
"Sep 22, 22",13.96,13.96,"Sep 22, 22"
"Sep 23, 22",13.92,13.92,"Sep 23, 22"
"Sep 26, 22",13.70,13.70,"Sep 26, 22"
"Sep 27, 22",13.57,13.57,"Sep 27, 22"
"Sep 28, 22",13.79,13.79,"Sep 28, 22"
"Sep 29, 22",13.70,13.70,"Sep 29, 22"
"Sep 30, 22",13.87,13.87,"Sep 30, 22"
"Oct 03, 22",13.82,13.82,"Oct 03, 22"
"Oct 04, 22",13.87,13.87,"Oct 04, 22"
"Oct 05, 22",13.90,13.90,"Oct 05, 22"
"Oct 06, 22",13.69,13.69,"Oct 06, 22"
"Oct 07, 22",13.66,13.66,"Oct 07, 22"
"Oct 10, 22",13.80,13.80,"Oct 10, 22"
"Oct 11, 22",13.84,13.84,"Oct 11, 22"
"Oct 12, 22",13.90,13.90,"Oct 12, 22"
"Oct 13, 22",13.75,13.75,"Oct 13, 22"
"Oct 14, 22",13.96,13.96,"Oct 14, 22"
"Oct 17, 22",13.95,13.95,"Oct 17, 22"
"Oct 18, 22",13.80,13.80,"Oct 18, 22"
"Oct 19, 22",13.70,13.70,"Oct 19, 22"
"Oct 20, 22",13.69,13.69,"Oct 20, 22"
"Oct 21, 22",13.80,13.80,"Oct 21, 22"
"Oct 24, 22",13.76,13.76,"Oct 24, 22"
"Oct 25, 22",13.73,13.73,"Oct 25, 22"
"Oct 26, 22",13.84,13.84,"Oct 26, 22"
"Oct 27, 22",13.90,13.90,"Oct 27, 22"
"Oct 28, 22",13.70,13.70,"Oct 28, 22"
"Oct 31, 22",13.90,13.90,"Oct 31, 22"
"Nov 01, 22",13.85,13.85,"Nov 01, 22"
"Nov 02, 22",13.64,13.64,"Nov 02, 22"
"Nov 03, 22",13.60,13.60,"Nov 03, 22"
"Nov 04, 22",13.69,13.69,"Nov 04, 22"
"Nov 07, 22",13.80,13.80,"Nov 07, 22"
"Nov 08, 22",13.76,13.76,"Nov 08, 22"
"Nov 10, 22",13.87,13.87,"Nov 10, 22"
"Nov 11, 22",13.91,13.91,"Nov 11, 22"
"Nov 14, 22",13.91,13.91,"Nov 14, 22"
"Nov 15, 22",13.90,13.90,"Nov 15, 22"
"Nov 16, 22",13.91,13.91,"Nov 16, 22"
"Nov 17, 22",13.95,13.95,"Nov 17, 22"
"Nov 18, 22",13.77,13.77,"Nov 18, 22"
"Nov 21, 22",13.91,13.91,"Nov 21, 22"
"Nov 22, 22",13.94,13.94,"Nov 22, 22"
"Nov 23, 22",13.93,13.93,"Nov 23, 22"
"Nov 24, 22",13.94,13.94,"Nov 24, 22"
"Nov 25, 22",13.99,13.99,"Nov 25, 22"
"Nov 28, 22",13.51,13.51,"Nov 28, 22"
"Nov 29, 22",13.70,13.70,"Nov 29, 22"
"Nov 30, 22",13.53,13.53,"Nov 30, 22"
"Dec 01, 22",13.57,13.57,"Dec 01, 22"
"Dec 02, 22",13.69,13.69,"Dec 02, 22"
"Dec 05, 22",13.40,13.40,"Dec 05, 22"
"Dec 06, 22",13.65,13.65,"Dec 06, 22"
"Dec 07, 22",13.31,13.31,"Dec 07, 22"
"Dec 08, 22",13.55,13.55,"Dec 08, 22"
"Dec 09, 22",13.50,13.50,"Dec 09, 22"
"Dec 12, 22",13.50,13.50,"Dec 12, 22"
"Dec 13, 22",13.65,13.65,"Dec 13, 22"
"Dec 14, 22",13.69,13.69,"Dec 14, 22"
"Dec 15, 22",13.65,13.65,"Dec 15, 22"
"Dec 16, 22",13.99,13.99,"Dec 16, 22"
"Dec 19, 22",13.75,13.75,"Dec 19, 22"
"Dec 20, 22",13.60,13.60,"Dec 20, 22"
"Dec 21, 22",13.50,13.50,"Dec 21, 22"
"Dec 22, 22",13.60,13.60,"Dec 22, 22"
"Dec 23, 22",13.60,13.60,"Dec 23, 22"
"Dec 26, 22",13.70,13.70,"Dec 26, 22"
"Dec 27, 22",13.60,13.60,"Dec 27, 22"
"Dec 28, 22",13.41,13.41,"Dec 28, 22"
"Dec 29, 22",13.50,13.50,"Dec 29, 22"
"Dec 30, 22",13.65,13.65,"Dec 30, 22"
"Jan 02, 23",13.70,13.70,"Jan 02, 23"
"Jan 03, 23",13.73,13.73,"Jan 03, 23"
"Jan 04, 23",13.61,13.61,"Jan 04, 23"
"Jan 05, 23",13.65,13.65,"Jan 05, 23"
"Jan 06, 23",13.89,13.89,"Jan 06, 23"
"Jan 09, 23",13.90,13.90,"Jan 09, 23"
"Jan 10, 23",13.84,13.84,"Jan 10, 23"
"Jan 11, 23",13.83,13.83,"Jan 11, 23"
"Jan 12, 23",13.51,13.51,"Jan 12, 23"
"Jan 13, 23",13.78,13.78,"Jan 13, 23"
"Jan 16, 23",13.82,13.82,"Jan 16, 23"
"Jan 17, 23",13.60,13.60,"Jan 17, 23"
"Jan 18, 23",13.70,13.70,"Jan 18, 23"
"Jan 19, 23",13.78,13.78,"Jan 19, 23"
"Jan 20, 23",13.78,13.78,"Jan 20, 23"
"Jan 23, 23",13.90,13.90,"Jan 23, 23"
"Jan 24, 23",13.60,13.60,"Jan 24, 23"
"Jan 25, 23",13.40,13.40,"Jan 25, 23"
"Jan 26, 23",13.47,13.47,"Jan 26, 23"
"Jan 27, 23",13.40,13.40,"Jan 27, 23"
"Jan 30, 23",13.54,13.54,"Jan 30, 23"
"Jan 31, 23",13.59,13.59,"Jan 31, 23"
"Feb 01, 23",13.60,13.60,"Feb 01, 23"
"Feb 02, 23",13.56,13.56,"Feb 02, 23"
"Feb 03, 23",13.55,13.55,"Feb 03, 23"
"Feb 06, 23",13.65,13.65,"Feb 06, 23"
"Feb 07, 23",13.64,13.64,"Feb 07, 23"
"Feb 08, 23",13.73,13.73,"Feb 08, 23"
"Feb 09, 23",13.62,13.62,"Feb 09, 23"
"Feb 10, 23",13.56,13.56,"Feb 10, 23"
"Feb 13, 23",13.54,13.54,"Feb 13, 23"
"Feb 14, 23",13.64,13.64,"Feb 14, 23"
"Feb 15, 23",13.65,13.65,"Feb 15, 23"
"Feb 16, 23",13.60,13.60,"Feb 16, 23"
"Feb 17, 23",13.60,13.60,"Feb 17, 23"
"Feb 20, 23",13.58,13.58,"Feb 20, 23"
"Feb 21, 23",13.50,13.50,"Feb 21, 23"
"Feb 22, 23",13.63,13.63,"Feb 22, 23"
"Feb 23, 23",13.62,13.62,"Feb 23, 23"
"Feb 24, 23",13.58,13.58,"Feb 24, 23"
"Feb 27, 23",13.45,13.45,"Feb 27, 23"
"Feb 28, 23",13.41,13.41,"Feb 28, 23"
"Mar 01, 23",13.15,13.15,"Mar 01, 23"
"Mar 02, 23",13.45,13.45,"Mar 02, 23"
"Mar 03, 23",13.54,13.54,"Mar 03, 23"
"Mar 06, 23",13.64,13.64,"Mar 06, 23"
"Mar 07, 23",13.68,13.68,"Mar 07, 23"
"Mar 08, 23",13.53,13.53,"Mar 08, 23"
"Mar 09, 23",13.53,13.53,"Mar 09, 23"
"Mar 10, 23",13.60,13.60,"Mar 10, 23"
"Mar 13, 23",13.59,13.59,"Mar 13, 23"
"Mar 14, 23",13.59,13.59,"Mar 14, 23"
"Mar 15, 23",13.60,13.60,"Mar 15, 23"
"Mar 16, 23",13.60,13.60,"Mar 16, 23"
"Mar 17, 23",13.69,13.69,"Mar 17, 23"
"Mar 20, 23",13.60,13.60,"Mar 20, 23"
"Mar 21, 23",13.56,13.56,"Mar 21, 23"
"Mar 22, 23",13.65,13.65,"Mar 22, 23"
"Mar 24, 23",13.56,13.56,"Mar 24, 23"
"Mar 27, 23",13.65,13.65,"Mar 27, 23"
"Mar 28, 23",13.70,13.70,"Mar 28, 23"
"Mar 29, 23",13.79,13.79,"Mar 29, 23"
"Mar 30, 23",13.60,13.60,"Mar 30, 23"
"Mar 31, 23",13.64,13.64,"Mar 31, 23"
"Apr 03, 23",13.40,13.40,"Apr 03, 23"
"Apr 04, 23",13.45,13.45,"Apr 04, 23"
"Apr 05, 23",13.57,13.57,"Apr 05, 23"
"Apr 06, 23",13.64,13.64,"Apr 06, 23"
"Apr 07, 23",13.73,13.73,"Apr 07, 23"
"Apr 10, 23",13.68,13.68,"Apr 10, 23"
"Apr 11, 23",13.70,13.70,"Apr 11, 23"
"Apr 12, 23",13.75,13.75,"Apr 12, 23"
"Apr 13, 23",13.75,13.75,"Apr 13, 23"
"Apr 17, 23",13.70,13.70,"Apr 17, 23"
"Apr 18, 23",13.80,13.80,"Apr 18, 23"
"Apr 19, 23",13.65,13.65,"Apr 19, 23"
"Apr 20, 23",13.70,13.70,"Apr 20, 23"
"Apr 26, 23",13.76,13.76,"Apr 26, 23"
"Apr 27, 23",13.80,13.80,"Apr 27, 23"
"Apr 28, 23",13.71,13.71,"Apr 28, 23"
"May 02, 23",13.73,13.73,"May 02, 23"
"May 03, 23",13.72,13.72,"May 03, 23"
"May 04, 23",13.71,13.71,"May 04, 23"
"May 05, 23",13.68,13.68,"May 05, 23"
"May 08, 23",13.65,13.65,"May 08, 23"
"May 09, 23",13.70,13.70,"May 09, 23"
"May 10, 23",13.66,13.66,"May 10, 23"
"May 11, 23",13.65,13.65,"May 11, 23"
"May 12, 23",13.69,13.69,"May 12, 23"
"May 15, 23",13.73,13.73,"May 15, 23"
"May 16, 23",13.70,13.70,"May 16, 23"
"May 17, 23",13.73,13.73,"May 17, 23"
"May 18, 23",13.75,13.75,"May 18, 23"
"May 19, 23",13.80,13.80,"May 19, 23"
"May 22, 23",13.73,13.73,"May 22, 23"
"May 23, 23",13.70,13.70,"May 23, 23"
"May 24, 23",13.68,13.68,"May 24, 23"
"May 25, 23",13.68,13.68,"May 25, 23"
"May 26, 23",13.67,13.67,"May 26, 23"
"May 29, 23",13.77,13.77,"May 29, 23"
"May 30, 23",13.70,13.70,"May 30, 23"
"May 31, 23",13.45,13.45,"May 31, 23"
"Jun 02, 23",13.49,13.49,"Jun 02, 23"
"Jun 05, 23",13.36,13.36,"Jun 05, 23"
"Jun 06, 23",13.54,13.54,"Jun 06, 23"
"Jun 07, 23",13.70,13.70,"Jun 07, 23"
"Jun 08, 23",13.70,13.70,"Jun 08, 23"
"Jun 09, 23",13.70,13.70,"Jun 09, 23"
"Jun 12, 23",13.65,13.65,"Jun 12, 23"
"Jun 13, 23",13.73,13.73,"Jun 13, 23"
"Jun 14, 23",13.70,13.70,"Jun 14, 23"
"Jun 15, 23",13.69,13.69,"Jun 15, 23"
"Jun 16, 23",13.71,13.71,"Jun 16, 23"
"Jun 19, 23",13.69,13.69,"Jun 19, 23"
"Jun 20, 23",13.61,13.61,"Jun 20, 23"
"Jun 21, 23",13.54,13.54,"Jun 21, 23"
"Jun 22, 23",13.37,13.37,"Jun 22, 23"
"Jun 23, 23",13.50,13.50,"Jun 23, 23"
"Jun 26, 23",13.64,13.64,"Jun 26, 23"
"Jun 27, 23",13.68,13.68,"Jun 27, 23"
"Jul 03, 23",13.98,13.98,"Jul 03, 23"
"Jul 04, 23",13.80,13.80,"Jul 04, 23"
"Jul 05, 23",13.62,13.62,"Jul 05, 23"
"Jul 06, 23",13.85,13.85,"Jul 06, 23"
"Jul 07, 23",13.83,13.83,"Jul 07, 23"
"Jul 10, 23",13.90,13.90,"Jul 10, 23"
"Jul 11, 23",13.98,13.98,"Jul 11, 23"
"Jul 12, 23",13.92,13.92,"Jul 12, 23"
"Jul 13, 23",13.85,13.85,"Jul 13, 23"
"Jul 14, 23",13.82,13.82,"Jul 14, 23"
"Jul 17, 23",13.90,13.90,"Jul 17, 23"
"Jul 18, 23",13.96,13.96,"Jul 18, 23"
"Jul 19, 23",13.88,13.88,"Jul 19, 23"
"Jul 20, 23",13.86,13.86,"Jul 20, 23"
"Jul 21, 23",13.95,13.95,"Jul 21, 23"
"Jul 24, 23",13.90,13.90,"Jul 24, 23"
"Jul 25, 23",13.88,13.88,"Jul 25, 23"
"Jul 26, 23",13.90,13.90,"Jul 26, 23"
"Jul 27, 23",13.50,13.50,"Jul 27, 23"
"Jul 31, 23",13.70,13.70,"Jul 31, 23"
"Aug 01, 23",13.65,13.65,"Aug 01, 23"
"Aug 02, 23",13.74,13.74,"Aug 02, 23"
"Aug 03, 23",13.71,13.71,"Aug 03, 23"
"Aug 04, 23",13.70,13.70,"Aug 04, 23"
"Aug 07, 23",13.75,13.75,"Aug 07, 23"
"Aug 08, 23",13.63,13.63,"Aug 08, 23"
"Aug 09, 23",13.69,13.69,"Aug 09, 23"
"Aug 10, 23",13.70,13.70,"Aug 10, 23"
"Aug 11, 23",13.80,13.80,"Aug 11, 23"
"Aug 15, 23",13.85,13.85,"Aug 15, 23"
"Aug 16, 23",13.84,13.84,"Aug 16, 23"
"Aug 17, 23",13.85,13.85,"Aug 17, 23"
"Aug 18, 23",13.75,13.75,"Aug 18, 23"
"Aug 21, 23",13.81,13.81,"Aug 21, 23"
"Aug 22, 23",13.85,13.85,"Aug 22, 23"
"Aug 23, 23",13.86,13.86,"Aug 23, 23"
"Aug 24, 23",13.86,13.86,"Aug 24, 23"
"Aug 25, 23",13.93,13.93,"Aug 25, 23"
"Aug 28, 23",13.75,13.75,"Aug 28, 23"
"Aug 29, 23",13.76,13.76,"Aug 29, 23"
"Aug 30, 23",13.80,13.80,"Aug 30, 23"
"Aug 31, 23",13.80,13.80,"Aug 31, 23"
"Sep 01, 23",13.81,13.81,"Sep 01, 23"
"Sep 04, 23",13.85,13.85,"Sep 04, 23"
"Sep 05, 23",13.85,13.85,"Sep 05, 23"
"Sep 06, 23",13.84,13.84,"Sep 06, 23"
"Sep 07, 23",13.75,13.75,"Sep 07, 23"
"Sep 08, 23",13.89,13.89,"Sep 08, 23"
"Sep 11, 23",13.84,13.84,"Sep 11, 23"
"Sep 12, 23",13.80,13.80,"Sep 12, 23"
"Sep 13, 23",13.74,13.74,"Sep 13, 23"
"Sep 14, 23",13.80,13.80,"Sep 14, 23"
"Sep 15, 23",13.80,13.80,"Sep 15, 23"
"Sep 18, 23",13.88,13.88,"Sep 18, 23"
"Sep 19, 23",13.87,13.87,"Sep 19, 23"
"Sep 20, 23",13.86,13.86,"Sep 20, 23"
"Sep 21, 23",13.93,13.93,"Sep 21, 23"
"Sep 22, 23",13.90,13.90,"Sep 22, 23"
"Sep 25, 23",13.87,13.87,"Sep 25, 23"
"Sep 26, 23",13.95,13.95,"Sep 26, 23"
"Sep 27, 23",13.80,13.80,"Sep 27, 23"
"Sep 28, 23",13.80,13.80,"Sep 28, 23"
"Oct 02, 23",13.80,13.80,"Oct 02, 23"
"Oct 03, 23",13.80,13.80,"Oct 03, 23"
"Oct 04, 23",13.80,13.80,"Oct 04, 23"
"Oct 05, 23",13.80,13.80,"Oct 05, 23"
"Oct 06, 23",13.79,13.79,"Oct 06, 23"
"Oct 09, 23",13.80,13.80,"Oct 09, 23"
"Oct 10, 23",13.80,13.80,"Oct 10, 23"
"Oct 11, 23",13.80,13.80,"Oct 11, 23"
"Oct 12, 23",13.59,13.59,"Oct 12, 23"
"Oct 13, 23",13.59,13.59,"Oct 13, 23"
"Oct 16, 23",13.51,13.51,"Oct 16, 23"
"Oct 18, 23",13.47,13.47,"Oct 18, 23"
"Oct 19, 23",13.55,13.55,"Oct 19, 23"
"Oct 20, 23",13.49,13.49,"Oct 20, 23"
"Oct 23, 23",13.48,13.48,"Oct 23, 23"
"Oct 24, 23",13.50,13.50,"Oct 24, 23"
"Oct 25, 23",13.57,13.57,"Oct 25, 23"
"Oct 26, 23",13.50,13.50,"Oct 26, 23"
"Oct 27, 23",13.47,13.47,"Oct 27, 23"
"Oct 30, 23",13.46,13.46,"Oct 30, 23"
"Oct 31, 23",13.46,13.46,"Oct 31, 23"
"Nov 01, 23",13.56,13.56,"Nov 01, 23"
"Nov 02, 23",13.50,13.50,"Nov 02, 23"
"Nov 03, 23",13.50,13.50,"Nov 03, 23"
"Nov 06, 23",13.59,13.59,"Nov 06, 23"
"Nov 07, 23",13.50,13.50,"Nov 07, 23"
"Nov 08, 23",13.53,13.53,"Nov 08, 23"
"Nov 10, 23",13.57,13.57,"Nov 10, 23"
"Nov 13, 23",13.52,13.52,"Nov 13, 23"
"Nov 14, 23",13.57,13.57,"Nov 14, 23"
"Nov 15, 23",13.59,13.59,"Nov 15, 23"
"Nov 16, 23",13.52,13.52,"Nov 16, 23"
"Nov 17, 23",13.59,13.59,"Nov 17, 23"
"Nov 20, 23",13.61,13.61,"Nov 20, 23"
"Nov 21, 23",13.51,13.51,"Nov 21, 23"
"Nov 22, 23",13.52,13.52,"Nov 22, 23"
"Nov 23, 23",13.54,13.54,"Nov 23, 23"
"Nov 24, 23",13.61,13.61,"Nov 24, 23"
"Nov 27, 23",13.65,13.65,"Nov 27, 23"
"Nov 28, 23",13.59,13.59,"Nov 28, 23"
"Nov 29, 23",13.70,13.70,"Nov 29, 23"
"Nov 30, 23",13.54,13.54,"Nov 30, 23"
"Dec 01, 23",13.49,13.49,"Dec 01, 23"
"Dec 04, 23",13.67,13.67,"Dec 04, 23"
"Dec 05, 23",13.70,13.70,"Dec 05, 23"
"Dec 06, 23",13.80,13.80,"Dec 06, 23"
"Dec 07, 23",13.79,13.79,"Dec 07, 23"
"Dec 08, 23",13.80,13.80,"Dec 08, 23"
"Dec 11, 23",13.78,13.78,"Dec 11, 23"
"Dec 12, 23",13.72,13.72,"Dec 12, 23"
"Dec 13, 23",13.69,13.69,"Dec 13, 23"
"Dec 14, 23",13.62,13.62,"Dec 14, 23"
"Dec 15, 23",13.63,13.63,"Dec 15, 23"
"Dec 18, 23",13.58,13.58,"Dec 18, 23"
"Dec 19, 23",13.53,13.53,"Dec 19, 23"
"Dec 20, 23",13.58,13.58,"Dec 20, 23"
"Dec 21, 23",13.61,13.61,"Dec 21, 23"
"Dec 22, 23",13.60,13.60,"Dec 22, 23"
"Dec 26, 23",13.60,13.60,"Dec 26, 23"
"Dec 27, 23",13.65,13.65,"Dec 27, 23"
"Dec 28, 23",13.74,13.74,"Dec 28, 23"
"Dec 29, 23",13.74,13.74,"Dec 29, 23"
"Jan 01, 24",13.88,13.88,"Jan 01, 24"
"Jan 02, 24",13.82,13.82,"Jan 02, 24"
"Jan 03, 24",13.85,13.85,"Jan 03, 24"
"Jan 04, 24",13.91,13.91,"Jan 04, 24"
"Jan 05, 24",13.97,13.97,"Jan 05, 24"
"Jan 08, 24",13.89,13.89,"Jan 08, 24"
"Jan 09, 24",13.85,13.85,"Jan 09, 24"
"Jan 10, 24",13.88,13.88,"Jan 10, 24"
"Jan 11, 24",13.92,13.92,"Jan 11, 24"
"Jan 12, 24",13.88,13.88,"Jan 12, 24"
"Jan 15, 24",13.92,13.92,"Jan 15, 24"
"Jan 16, 24",13.90,13.90,"Jan 16, 24"
"Jan 17, 24",13.81,13.81,"Jan 17, 24"
"Jan 18, 24",13.86,13.86,"Jan 18, 24"
"Jan 19, 24",13.87,13.87,"Jan 19, 24"
"Jan 22, 24",13.88,13.88,"Jan 22, 24"
"Jan 23, 24",13.57,13.57,"Jan 23, 24"
"Jan 24, 24",13.59,13.59,"Jan 24, 24"
"Jan 25, 24",13.56,13.56,"Jan 25, 24"
"Jan 26, 24",13.61,13.61,"Jan 26, 24"
"Jan 29, 24",13.59,13.59,"Jan 29, 24"
"Jan 30, 24",13.54,13.54,"Jan 30, 24"
"Jan 31, 24",13.55,13.55,"Jan 31, 24"
"Feb 01, 24",13.59,13.59,"Feb 01, 24"
"Feb 02, 24",13.59,13.59,"Feb 02, 24"
"Feb 06, 24",13.56,13.56,"Feb 06, 24"
"Feb 07, 24",13.56,13.56,"Feb 07, 24"
"Feb 09, 24",13.60,13.60,"Feb 09, 24"
"Feb 12, 24",13.56,13.56,"Feb 12, 24"
"Feb 13, 24",13.55,13.55,"Feb 13, 24"
"Feb 14, 24",13.60,13.60,"Feb 14, 24"
"Feb 15, 24",13.52,13.52,"Feb 15, 24"
"Feb 16, 24",13.58,13.58,"Feb 16, 24"
"Feb 19, 24",13.55,13.55,"Feb 19, 24"
"Feb 20, 24",13.58,13.58,"Feb 20, 24"
"Feb 21, 24",13.59,13.59,"Feb 21, 24"
"Feb 22, 24",13.64,13.64,"Feb 22, 24"
"Feb 23, 24",13.60,13.60,"Feb 23, 24"
"Feb 26, 24",13.74,13.74,"Feb 26, 24"
"Feb 27, 24",13.68,13.68,"Feb 27, 24"
"Feb 28, 24",13.74,13.74,"Feb 28, 24"
"Feb 29, 24",13.70,13.70,"Feb 29, 24"
"Mar 01, 24",13.60,13.60,"Mar 01, 24"
"Mar 04, 24",13.75,13.75,"Mar 04, 24"
"Mar 05, 24",13.78,13.78,"Mar 05, 24"
"Mar 06, 24",13.81,13.81,"Mar 06, 24"
"Mar 07, 24",13.85,13.85,"Mar 07, 24"
"Mar 08, 24",13.80,13.80,"Mar 08, 24"
"Mar 11, 24",13.80,13.80,"Mar 11, 24"
"Mar 12, 24",13.85,13.85,"Mar 12, 24"
"Mar 13, 24",13.86,13.86,"Mar 13, 24"
"Mar 14, 24",13.94,13.94,"Mar 14, 24"
"Mar 15, 24",13.92,13.92,"Mar 15, 24"
"Mar 18, 24",13.99,13.99,"Mar 18, 24"
"Mar 19, 24",13.98,13.98,"Mar 19, 24"
"Mar 20, 24",13.97,13.97,"Mar 20, 24"
"Mar 21, 24",13.96,13.96,"Mar 21, 24"
"Mar 22, 24",14.00,14.00,"Mar 22, 24"
"Mar 25, 24",13.98,13.98,"Mar 25, 24"
"Mar 26, 24",14.17,14.17,"Mar 26, 24"
"Mar 27, 24",14.10,14.10,"Mar 27, 24"
"Mar 28, 24",14.06,14.06,"Mar 28, 24"
"Mar 29, 24",14.34,14.34,"Mar 29, 24"
"Apr 01, 24",14.16,14.16,"Apr 01, 24"
"Apr 02, 24",14.20,14.20,"Apr 02, 24"
"Apr 03, 24",14.25,14.25,"Apr 03, 24"
"Apr 04, 24",14.32,14.32,"Apr 04, 24"
"Apr 08, 24",14.44,14.44,"Apr 08, 24"
"Apr 09, 24",14.61,14.61,"Apr 09, 24"
"Apr 15, 24",14.70,14.70,"Apr 15, 24"
"Apr 16, 24",14.67,14.67,"Apr 16, 24"
"Apr 17, 24",14.45,14.45,"Apr 17, 24"
"Apr 18, 24",14.49,14.49,"Apr 18, 24"
"Apr 19, 24",14.53,14.53,"Apr 19, 24"
"Apr 22, 24",14.44,14.44,"Apr 22, 24"
"Apr 23, 24",14.50,14.50,"Apr 23, 24"
"Apr 24, 24",14.56,14.56,"Apr 24, 24"
"Apr 25, 24",14.21,14.21,"Apr 25, 24"
"Apr 26, 24",14.42,14.42,"Apr 26, 24"
"Apr 29, 24",14.49,14.49,"Apr 29, 24"
"Apr 30, 24",14.29,14.29,"Apr 30, 24"
"May 02, 24",14.30,14.30,"May 02, 24"
"May 03, 24",14.36,14.36,"May 03, 24"
"May 06, 24",14.47,14.47,"May 06, 24"
"May 07, 24",14.50,14.50,"May 07, 24"
"May 08, 24",14.60,14.60,"May 08, 24"
"May 09, 24",14.74,14.74,"May 09, 24"
"May 10, 24",15.06,15.06,"May 10, 24"
"May 13, 24",15.74,15.74,"May 13, 24"
"May 14, 24",15.83,15.83,"May 14, 24"
"May 15, 24",15.92,15.92,"May 15, 24"
"May 16, 24",15.90,15.90,"May 16, 24"
"May 17, 24",15.97,15.97,"May 17, 24"
"May 20, 24",16.10,16.10,"May 20, 24"
"May 21, 24",16.50,16.50,"May 21, 24"
"May 22, 24",16.33,16.33,"May 22, 24"
"May 23, 24",16.01,16.01,"May 23, 24"
"May 24, 24",15.99,15.99,"May 24, 24"
"May 27, 24",16.15,16.15,"May 27, 24"
"May 29, 24",16.02,16.02,"May 29, 24"
"May 30, 24",16.17,16.17,"May 30, 24"
"May 31, 24",16.12,16.12,"May 31, 24"
"Jun 03, 24",16.00,16.00,"Jun 03, 24"
"Jun 04, 24",16.01,16.01,"Jun 04, 24"
"Jun 05, 24",15.88,15.88,"Jun 05, 24"
"Jun 06, 24",15.97,15.97,"Jun 06, 24"
"Jun 07, 24",15.73,15.73,"Jun 07, 24"
"Jun 10, 24",15.75,15.75,"Jun 10, 24"
"Jun 11, 24",15.95,15.95,"Jun 11, 24"
"Jun 12, 24",15.90,15.90,"Jun 12, 24"
"Jun 13, 24",16.12,16.12,"Jun 13, 24"
"Jun 14, 24",16.15,16.15,"Jun 14, 24"
"Jun 20, 24",16.11,16.11,"Jun 20, 24"
"Jun 21, 24",16.24,16.24,"Jun 21, 24"
"Jun 24, 24",16.24,16.24,"Jun 24, 24"
"Jun 25, 24",16.29,16.29,"Jun 25, 24"
"Jun 26, 24",16.28,16.28,"Jun 26, 24"
"Jun 27, 24",16.50,16.50,"Jun 27, 24"
"Jun 28, 24",16.45,16.45,"Jun 28, 24"
"Jul 01, 24",16.97,16.97,"Jul 01, 24"
"Jul 02, 24",16.91,16.91,"Jul 02, 24"
"Jul 03, 24",16.92,16.92,"Jul 03, 24"
"Jul 05, 24",16.99,16.99,"Jul 05, 24"
"Jul 08, 24",16.84,16.84,"Jul 08, 24"
"Jul 09, 24",16.98,16.98,"Jul 09, 24"
"Jul 10, 24",16.86,16.86,"Jul 10, 24"
"Jul 11, 24",16.80,16.80,"Jul 11, 24"
"Jul 12, 24",16.42,16.42,"Jul 12, 24"
"Jul 15, 24",16.42,16.42,"Jul 15, 24"
"Jul 18, 24",16.04,16.04,"Jul 18, 24"
"Jul 19, 24",16.26,16.26,"Jul 19, 24"
"Jul 22, 24",16.33,16.33,"Jul 22, 24"
"Jul 23, 24",16.53,16.53,"Jul 23, 24"
"Jul 24, 24",16.56,16.56,"Jul 24, 24"
"Jul 25, 24",16.25,16.25,"Jul 25, 24"
"Jul 26, 24",15.93,15.93,"Jul 26, 24"
"Jul 29, 24",16.06,16.06,"Jul 29, 24"
"Jul 30, 24",16.12,16.12,"Jul 30, 24"
"Jul 31, 24",16.12,16.12,"Jul 31, 24"
"Aug 01, 24",16.16,16.16,"Aug 01, 24"
"Aug 02, 24",16.28,16.28,"Aug 02, 24"
"Aug 05, 24",16.06,16.06,"Aug 05, 24"
"Aug 06, 24",16.06,16.06,"Aug 06, 24"
"Aug 07, 24",16.48,16.48,"Aug 07, 24"
"Aug 08, 24",16.32,16.32,"Aug 08, 24"
"Aug 09, 24",16.32,16.32,"Aug 09, 24"
"Aug 12, 24",16.52,16.52,"Aug 12, 24"
"Aug 13, 24",16.48,16.48,"Aug 13, 24"
"Aug 15, 24",16.45,16.45,"Aug 15, 24"
"Aug 16, 24",16.49,16.49,"Aug 16, 24"
"Aug 19, 24",16.52,16.52,"Aug 19, 24"
"Aug 20, 24",16.39,16.39,"Aug 20, 24"
"Aug 21, 24",16.45,16.45,"Aug 21, 24"
"Aug 22, 24",16.55,16.55,"Aug 22, 24"
"Aug 23, 24",16.63,16.63,"Aug 23, 24"
"Aug 26, 24",16.55,16.55,"Aug 26, 24"
"Aug 27, 24",16.63,16.63,"Aug 27, 24"
"Aug 28, 24",16.64,16.64,"Aug 28, 24"
"Aug 29, 24",16.77,16.77,"Aug 29, 24"
"Aug 30, 24",17.19,17.19,"Aug 30, 24"
"Sep 02, 24",17.11,17.11,"Sep 02, 24"
"Sep 03, 24",17.08,17.08,"Sep 03, 24"
"Sep 04, 24",17.11,17.11,"Sep 04, 24"
"Sep 05, 24",17.01,17.01,"Sep 05, 24"
"Sep 06, 24",17.09,17.09,"Sep 06, 24"
"Sep 09, 24",17.06,17.06,"Sep 09, 24"
"Sep 10, 24",17.10,17.10,"Sep 10, 24"
"Sep 11, 24",17.11,17.11,"Sep 11, 24"
"Sep 12, 24",17.06,17.06,"Sep 12, 24"
"Sep 13, 24",17.35,17.35,"Sep 13, 24"
"Sep 16, 24",17.44,17.44,"Sep 16, 24"
"Sep 18, 24",17.32,17.32,"Sep 18, 24"
"Sep 19, 24",17.36,17.36,"Sep 19, 24"
"Sep 20, 24",17.45,17.45,"Sep 20, 24"
"Sep 23, 24",17.33,17.33,"Sep 23, 24"
"Sep 24, 24",17.25,17.25,"Sep 24, 24"
"Sep 25, 24",17.24,17.24,"Sep 25, 24"
"Sep 26, 24",17.50,17.50,"Sep 26, 24"
"Sep 27, 24",17.45,17.45,"Sep 27, 24"
"Sep 30, 24",17.14,17.14,"Sep 30, 24"
"Oct 01, 24",17.21,17.21,"Oct 01, 24"
"Oct 02, 24",17.40,17.40,"Oct 02, 24"
"Oct 03, 24",17.35,17.35,"Oct 03, 24"
"Oct 04, 24",17.35,17.35,"Oct 04, 24"
"Oct 07, 24",17.57,17.57,"Oct 07, 24"
"Oct 08, 24",17.40,17.40,"Oct 08, 24"
"Oct 09, 24",17.52,17.52,"Oct 09, 24"
"Oct 10, 24",17.73,17.73,"Oct 10, 24"
"Oct 11, 24",18.36,18.36,"Oct 11, 24"
"Oct 14, 24",19.42,19.42,"Oct 14, 24"
"Oct 15, 24",19.86,19.86,"Oct 15, 24"
"Oct 16, 24",19.54,19.54,"Oct 16, 24"
"Oct 17, 24",19.63,19.63,"Oct 17, 24"
"Oct 18, 24",19.74,19.74,"Oct 18, 24"
"Oct 21, 24",20.40,20.40,"Oct 21, 24"
"Oct 22, 24",19.98,19.98,"Oct 22, 24"
"Oct 23, 24",20.17,20.17,"Oct 23, 24"
"Oct 24, 24",20.24,20.24,"Oct 24, 24"
"Oct 25, 24",20.01,20.01,"Oct 25, 24"
"Oct 28, 24",19.80,19.80,"Oct 28, 24"
"Oct 29, 24",19.46,19.46,"Oct 29, 24"
"Oct 30, 24",19.39,19.39,"Oct 30, 24"
"Oct 31, 24",19.08,19.08,"Oct 31, 24"
"Nov 01, 24",19.61,19.61,"Nov 01, 24"
"Nov 04, 24",19.70,19.70,"Nov 04, 24"
"Nov 05, 24",19.60,19.60,"Nov 05, 24"
"Nov 06, 24",19.63,19.63,"Nov 06, 24"
"Nov 07, 24",19.56,19.56,"Nov 07, 24"
"Nov 08, 24",19.45,19.45,"Nov 08, 24"
"Nov 11, 24",19.51,19.51,"Nov 11, 24"
"Nov 12, 24",19.48,19.48,"Nov 12, 24"
"Nov 13, 24",19.38,19.38,"Nov 13, 24"
"Nov 14, 24",19.44,19.44,"Nov 14, 24"
"Nov 15, 24",19.28,19.28,"Nov 15, 24"
"Nov 18, 24",19.43,19.43,"Nov 18, 24"
"Nov 19, 24",19.59,19.59,"Nov 19, 24"
"Nov 20, 24",19.97,19.97,"Nov 20, 24"
"Nov 21, 24",20.14,20.14,"Nov 21, 24"
"Nov 22, 24",19.95,19.95,"Nov 22, 24"
"Nov 25, 24",20.25,20.25,"Nov 25, 24"
"Nov 26, 24",19.90,19.90,"Nov 26, 24"
"Nov 27, 24",20.31,20.31,"Nov 27, 24"
"Nov 28, 24",20.15,20.15,"Nov 28, 24"
"Nov 29, 24",20.60,20.60,"Nov 29, 24"
"Dec 02, 24",21.56,21.56,"Dec 02, 24"
"Dec 03, 24",22.10,22.10,"Dec 03, 24"
"Dec 04, 24",22.31,22.31,"Dec 04, 24"
"Dec 05, 24",23.19,23.19,"Dec 05, 24"
"Dec 06, 24",23.45,23.45,"Dec 06, 24"
"Dec 09, 24",24.63,24.63,"Dec 09, 24"
"Dec 10, 24",24.02,24.02,"Dec 10, 24"
"Dec 11, 24",24.05,24.05,"Dec 11, 24"
"Dec 12, 24",24.00,24.00,"Dec 12, 24"
"Dec 13, 24",23.90,23.90,"Dec 13, 24"
"Dec 16, 24",23.49,23.49,"Dec 16, 24"
"Dec 17, 24",23.04,23.04,"Dec 17, 24"
"Dec 18, 24",22.77,22.77,"Dec 18, 24"
"Dec 19, 24",21.54,21.54,"Dec 19, 24"
"Dec 20, 24",21.48,21.48,"Dec 20, 24"
"Dec 23, 24",21.63,21.63,"Dec 23, 24"
"Dec 24, 24",20.87,20.87,"Dec 24, 24"
"Dec 26, 24",20.08,20.08,"Dec 26, 24"
"Dec 27, 24",20.61,20.61,"Dec 27, 24"
"Dec 30, 24",21.66,21.66,"Dec 30, 24"
"Dec 31, 24",21.75,21.75,"Dec 31, 24"
"Jan 01, 25",21.76,21.76,"Jan 01, 25"
"Jan 02, 25",21.73,21.73,"Jan 02, 25"
"Jan 03, 25",21.74,21.74,"Jan 03, 25"
"Jan 06, 25",21.72,21.72,"Jan 06, 25"
"Jan 07, 25",21.89,21.89,"Jan 07, 25"
"Jan 08, 25",21.99,21.99,"Jan 08, 25"
"Jan 09, 25",22.01,22.01,"Jan 09, 25"
"Jan 10, 25",22.28,22.28,"Jan 10, 25"
"Jan 13, 25",22.65,22.65,"Jan 13, 25"
"Jan 14, 25",22.92,22.92,"Jan 14, 25"
"Jan 15, 25",22.28,22.28,"Jan 15, 25"
"Jan 16, 25",22.39,22.39,"Jan 16, 25"
"Jan 17, 25",22.58,22.58,"Jan 17, 25"
"Jan 20, 25",22.42,22.42,"Jan 20, 25"
"Jan 21, 25",22.27,22.27,"Jan 21, 25"
"Jan 22, 25",22.30,22.30,"Jan 22, 25"
"Jan 23, 25",22.27,22.27,"Jan 23, 25"
"Jan 24, 25",22.37,22.37,"Jan 24, 25"
"Jan 27, 25",22.37,22.37,"Jan 27, 25"
"Jan 28, 25",22.31,22.31,"Jan 28, 25"
"Jan 29, 25",22.35,22.35,"Jan 29, 25"
"Jan 30, 25",22.34,22.34,"Jan 30, 25"
"Jan 31, 25",22.37,22.37,"Jan 31, 25"
"Feb 03, 25",22.65,22.65,"Feb 03, 25"
